coreid,identifiedBy,identifiedByID,dateIdentified,identificationQualifier,scientificName,identificationIsCurrent,scientificNameAuthorship,genus,specificEpithet,taxonRank,infraspecificEpithet,identificationReferences,identificationRemarks,recordId,modified
672791,"S. Shaya, A. Rodrigues",,"December 20, 2013",,"Conopholis alpina",1,Liebm.,,,,,,,urn:uuid:dd7e858b-42b9-4099-810f-97b77b8e5b58,"2014-05-30 15:49:05"
672791,"Andrew Salywon, 6/1998",,unknown,,"Lesquerella tenella",0,"A. Nels.",,,,,,,urn:uuid:432aab62-df6f-4045-9502-5bf78c5d59fd,"2014-05-30 15:49:05"
694505,"S. Shaya, A. Rodrigues",,"December 20, 2013",,"Conopholis alpina",1,Liebm.,,,,,,,urn:uuid:6af3deb2-5f50-4ebb-8b73-bf5b7bd1b62f,"2014-05-30 16:02:32"
694505,unknown,,unknown,,"Conopholis alpina var. mexicana",0,"(Gray ex S. Wats.) Haynes",,,,,,,urn:uuid:90788db3-0250-4125-9b16-021ed20e0650,"2014-05-30 16:02:32"
1918599,"Turner Collins",,2016,,"Conopholis alpina",1,Liebm.,,,,,,,urn:uuid:8253c86f-a400-4785-9e6c-9a97a276e421,"2016-01-05 10:42:10"
1918599,unknown,,unknown,,"Orobanche ludoviciana subsp. multiflora",0,"(Nutt.) Collins, comb. nov. ined.",,,,,,,urn:uuid:a379392c-498f-4709-af9f-0634a45383a7,"2016-01-05 10:42:10"
4568044,"D.J. Pinkava",,1973,,"Conopholis mexicana",0,"Gray ex S. Wats.",,,,,,,urn:uuid:2c678f38-978a-432f-8f16-722c1557aac7,"2014-08-19 11:30:25"
4568046,"S. Shaya",,"December 20, 2013",,"Conopholis alpina",1,Liebm.,,,,,,,urn:uuid:4ad54c02-20aa-468f-81f7-95f35fe13dbe,"2014-08-19 11:37:18"
4568046,"D.J. Pinkava",,unknown,,"Conopholis alpina var. mexicana",0,"(A. Gray ex S. Wats.) Haynes",,,,,,,urn:uuid:94fce4e7-18f5-4ed6-b125-dc74c6767cb5,"2014-08-19 11:37:18"
4604320,"S. Shaya & A. Rodrigues",,2013,,"Conopholis americana",1,Wallr.,,,,,,,urn:uuid:67f7095b-1551-4ec9-8b16-283dc8f81e8b,"2014-11-08 18:17:48"
4604320,"S. Clemants",,unknown,,"Conopholis alpina",0,Liebm.,,,,,,,urn:uuid:4d04b9f6-5552-481a-951b-be1800e7e14b,"2014-11-08 18:17:48"
4604321,"S. Shaya & A. Rodrigues",,"December 20, 2013",,"Conopholis alpina",1,Liebm.,,,,,,,urn:uuid:d98418b2-ec53-4e15-9142-4d9d057d073c,"2014-11-08 18:13:50"
4604321,unknown,,unknown,,"Conopholis mexicana",0,"Gray ex S. Wats",,,,,,,urn:uuid:aea89134-7baf-4fc4-8bae-e517d99bbed9,"2014-11-08 18:13:50"
4604323,"S. Shaya & A. Rodrigues",,2013,,"Conopholis americana",1,Wallr.,,,,,,,urn:uuid:a2721224-a652-4b57-97e7-d218b8100a4e,"2014-11-08 18:20:33"
4604323,"E. Lehto",,unknown,,"Conopholis alpina var. mexicana",0,"(A. Gray ex S. Wats.) Haynes",,,,,,,urn:uuid:506200f4-ad44-409c-a7c7-7a28ceec338d,"2014-11-08 18:20:33"
8083439,"S. Shaya, A. Rodrigues",,"December 20, 2013",,"Conopholis alpina",1,Liebm.,,,,,,,urn:uuid:9442190b-d4cd-4c77-a4af-46ab0b2eb846,"2014-05-30 15:57:46"
8083439,unknown,,unknown,,"Conopholis alpina var. mexicana",0,"(Gray ex S. Wats.) Haynes",,,,,,,urn:uuid:6b872f13-c4ba-4b22-bdfc-d45b9a68f736,"2014-05-30 15:57:46"
8083440,"S. Shaya, A. Rodrigues",,"December 20, 2013",,"Conopholis alpina",1,Liebm.,,,,,,,urn:uuid:326e1c33-d5d2-4e59-855b-6b387147ed6a,"2014-05-30 15:58:27"
8083440,"J. Leithliter, 1976",,unknown,,"Conopholis alpina var. mexicana",0,"(Gray ex S. Wats.) Haynes",,,,,,,urn:uuid:b51cfc40-61ed-4fad-9390-1dc1af11f312,"2014-05-30 15:58:27"
8083441,"S. Shaya, A. Rodrigues",,"December 20, 2013",,"Conopholis alpina",1,Liebm.,,,,,,,urn:uuid:4feb9d5a-4c18-4ea7-879b-fa25c5df24a0,"2014-05-30 15:46:51"
8083441,"JMR, 1971",,unknown,,"Conopholis alpina var. mexicana",0,"(Gray ex S. Wats.) Haynes",,,,,,,urn:uuid:39d44ab3-ab45-463a-986f-211a0453faaa,"2014-05-30 15:46:51"
8083442,"S. Shaya, A. Rodrigues",,"December 20, 2013",,"Conopholis alpina",1,Liebm.,,,,,,,urn:uuid:d1f5fdb2-eaff-435f-9bf8-df2599d5fa3e,"2014-05-30 15:59:11"
8083442,unknown,,unknown,,"Conopholis alpina var. mexicana",0,"(Gray ex S. Wats.) Haynes",,,,,,,urn:uuid:69071126-2fcd-4b42-8c6a-7a796f28c11e,"2014-05-30 15:59:11"
8083443,"S. Shaya, A. Rodrigues",,"December 20, 2013",,"Conopholis alpina",1,Liebm.,,,,,,,urn:uuid:430baec2-ee49-4c61-911c-56e40de2874a,"2014-05-30 16:00:29"
8083443,unknown,,unknown,,"Conopholis alpina var. mexicana",0,"(Gray ex S. Wats.) Haynes",,,,,,,urn:uuid:bc0cc6e3-7ad5-4cf0-bdf2-b671e6d22433,"2014-05-30 16:00:29"
8083444,"S. Shaya, A. Rodrigues",,"December 20, 2013",,"Conopholis alpina",1,Liebm.,,,,,,,urn:uuid:528c6245-fff8-45ed-b9b2-b1a78c09f50c,"2014-05-30 16:01:13"
8083444,unknown,,unknown,,"Conopholis alpina var. mexicana",0,"(Gray ex S. Wats.) Haynes",,,,,,,urn:uuid:530116d3-5c34-4ea4-8259-b00e7f517095,"2014-05-30 16:01:13"
8083445,"S. Shaya, A. Rodrigues",,"December 20, 2013",,"Conopholis alpina",1,Liebm.,,,,,,,urn:uuid:b311a33f-2d5b-490d-b31d-8a175e3c6292,"2014-05-30 16:01:50"
8083445,unknown,,unknown,,"Conopholis alpina var. mexicana",0,"(Gray ex S. Wats.) Haynes",,,,,,,urn:uuid:d2560224-2597-40bf-bc62-479efaa0a1e5,"2014-05-30 16:01:50"
8083447,"S. Shaya, A. Rodrigues",,"December 20, 2013",,"Conopholis alpina",1,Liebm.,,,,,,,urn:uuid:34b5f952-c629-4a47-a321-e55f5ccb15e0,"2014-05-30 16:03:08"
8083447,unknown,,unknown,,"Conopholis alpina var. mexicana",0,"(Gray ex S. Wats.) Haynes",,,,,,,urn:uuid:e7861b4b-4591-4292-96b7-cd154b8219dd,"2014-05-30 16:03:08"
8083448,"S. Shaya, A. Rodrigues",,"December 20, 2013",,"Conopholis alpina",1,Liebm.,,,,,,,urn:uuid:0e298ace-a015-47cc-8f7a-3dc83973e453,"2014-05-30 16:03:58"
8083448,unknown,,unknown,,"Conopholis alpina var. mexicana",0,"(Gray ex S. Wats.) Haynes",,,,,,,urn:uuid:017bc4f1-fb4f-47bb-b33c-7b7936bc310e,"2014-05-30 16:03:58"
8083449,"S. Shaya, A. Rodrigues",,"December 20, 2013",,"Conopholis alpina",1,Liebm.,,,,,,,urn:uuid:c0ff5a38-5812-463c-b22a-47a61284e752,"2014-05-30 16:04:39"
8083449,unknown,,unknown,,"Conopholis alpina var. mexicana",0,"(Gray ex S. Wats.) Haynes",,,,,,,urn:uuid:919aa1a9-d639-4c2c-877e-80510f387d95,"2014-05-30 16:04:39"
8083450,"S. Shaya, A. Rodrigues",,"December 20, 2013",,"Conopholis alpina",1,Liebm.,,,,,,,urn:uuid:b79490f7-034c-4976-b0b2-f11f66da2de2,"2014-05-30 16:05:20"
8083450,unknown,,unknown,,"Conopholis alpina var. mexicana",0,"(Gray ex S. Wats.) Haynes",,,,,,,urn:uuid:15221627-0db1-4819-9adb-6d492f9348f0,"2014-05-30 16:05:20"
8083451,"S. Shaya, A. Rodrigues",,"December 20, 2013",,"Conopholis alpina",1,Liebm.,,,,,,,urn:uuid:29392eee-62f2-4d85-a559-f1143881d932,"2014-05-30 16:05:56"
8083451,unknown,,unknown,,"Conopholis alpina var. mexicana",0,"(Gray ex S. Wats.) Haynes",,,,,,,urn:uuid:dc9bc8a7-0e67-4547-9969-e85a20953b97,"2014-05-30 16:05:56"
8083452,"S. Shaya, A. Rodrigues",,"December 20, 2013",,"Conopholis alpina",1,Liebm.,,,,,,,urn:uuid:bc0ae928-17d7-40e6-bec1-9ade934fd2eb,"2014-05-30 16:07:20"
8083452,"Raul Gutierrez, 2005",,unknown,,"Conopholis alpina var. mexicana",0,"(Gray ex S. Wats.) Haynes",,,,,,,urn:uuid:5d29b093-8ae5-4486-8348-1f78682c0b9f,"2014-05-30 16:07:20"
8083453,"S. Shaya, A. Rodrigues",,"December 20, 2013",,"Conopholis alpina",1,Liebm.,,,,,,,urn:uuid:f8110f3b-8f76-4b67-88b0-00316d523b4c,"2014-05-30 16:07:56"
8083453,unknown,,unknown,,"Conopholis alpina var. mexicana",0,"(Gray ex S. Wats.) Haynes",,,,,,,urn:uuid:84c79095-ec40-4619-9f2b-a7370243f929,"2014-05-30 16:07:56"
8083454,"S. Shaya, A. Rodrigues",,"December 20, 2013",,"Conopholis alpina",1,Liebm.,,,,,,,urn:uuid:550faabb-7605-4414-a736-cf1128b96619,"2014-05-30 15:37:41"
8083454,unknown,,unknown,,"Conopholis alpina var. mexicana",0,"(Gray ex S. Wats.) Haynes",,,,,,,urn:uuid:6dac6481-9835-4f7d-ab3f-1b072a0cf4b5,"2014-05-30 15:37:41"
8083455,"S. Shaya, A. Rodrigues",,"December 20, 2013",,"Conopholis alpina",1,Liebm.,,,,,,,urn:uuid:41a6b57f-98be-4a6b-a2b8-968ec65722c1,"2014-05-30 15:39:20"
8083455,unknown,,unknown,,"Conopholis alpina var. mexicana",0,"(Gray ex S. Wats.) Haynes",,,,,,,urn:uuid:70f47bf7-f9a5-4564-ac78-f9c86d43aac5,"2014-05-30 15:39:20"
8083456,"S. Shaya, A. Rodrigues",,"December 20, 2013",,"Conopholis alpina",1,Liebm.,,,,,,,urn:uuid:123a9211-2963-49bd-911e-9b650644a51e,"2014-05-30 15:42:06"
8083456,unknown,,unknown,,"Conopholis alpina var. mexicana",0,"(Gray ex S. Wats.) Haynes",,,,,,,urn:uuid:2f8b5b5a-9bb7-4cb0-b182-e482c3ccf25c,"2014-05-30 15:42:06"
8083457,"S. Shaya, A. Rodrigues",,"December 20, 2013",,"Conopholis alpina",1,Liebm.,,,,,,,urn:uuid:b975cfbd-b275-413f-b076-22a8b486a4b7,"2014-05-30 15:42:53"
8083457,unknown,,unknown,,"Conopholis alpina var. mexicana",0,"(Gray ex S. Wats.) Haynes",,,,,,,urn:uuid:b7d2fce0-ef7f-437b-9f82-c0bb5da98fe0,"2014-05-30 15:42:53"
8083458,"S. Shaya, A. Rodrigues",,"December 20, 2013",,"Conopholis alpina",1,Liebm.,,,,,,,urn:uuid:3ebe4523-050c-4551-897a-85bf7ed38aef,"2014-05-30 15:43:39"
8083458,unknown,,unknown,,"Conopholis alpina var. mexicana",0,"(Gray ex S. Wats.) Haynes",,,,,,,urn:uuid:c5f039e6-3d4a-4e7d-8187-56ebaf21f4dd,"2014-05-30 15:43:39"
8083459,"S. Shaya, A. Rodrigues",,"December 20, 2013",,"Conopholis alpina",1,Liebm.,,,,,,,urn:uuid:c3bbb73c-bcb2-4e62-81f1-042515c16cec,"2014-05-30 15:44:28"
8083459,"E. Lehto, 1973",,unknown,,"Conopholis alpina var. mexicana",0,"(Gray ex S. Wats.) Haynes",,,,,,,urn:uuid:7dd5b2d6-9213-45d4-9104-dfc33feaa871,"2014-05-30 15:44:28"
8083460,"S. Shaya, A. Rodrigues",,"December 20, 2013",,"Conopholis alpina",1,Liebm.,,,,,,,urn:uuid:7559b1c3-273f-441a-9eb1-b8a8a21424aa,"2014-05-30 15:45:15"
8083460,unknown,,unknown,,"Conopholis alpina var. mexicana",0,"(Gray ex S. Wats.) Haynes",,,,,,,urn:uuid:65667651-9a81-49a7-8e85-5ac5f7144295,"2014-05-30 15:45:15"
8083461,"S. Shaya, A. Rodrigues",,"December 20, 2013",,"Conopholis alpina",1,Liebm.,,,,,,,urn:uuid:eb41c601-380b-450a-91ca-08a7474e63e8,"2014-05-30 15:46:11"
8083461,unknown,,unknown,,"Conopholis alpina var. mexicana",0,"(Gray ex S. Wats.) Haynes",,,,,,,urn:uuid:f6a9d651-c4e8-4397-af1f-a8f5ce45550e,"2014-05-30 15:46:11"
8083462,"S. Shaya, A. Rodrigues",,"December 20, 2013",,"Conopholis alpina",1,Liebm.,,,,,,,urn:uuid:dc3854fe-c841-4ad2-9900-69c046d62c4f,"2014-05-30 15:47:33"
8083462,unknown,,unknown,,"Conopholis alpina var. mexicana",0,"(Gray ex S. Wats.) Haynes",,,,,,,urn:uuid:5733efd1-2662-48dc-940a-68265810b048,"2014-05-30 15:47:33"
8083463,"S. Shaya, A. Rodrigues",,"December 20, 2013",,"Conopholis alpina",1,Liebm.,,,,,,,urn:uuid:4682c0ae-1b42-443f-90a7-2682069fe608,"2014-05-30 15:48:17"
8083463,unknown,,unknown,,"Conopholis alpina var. mexicana",0,"(Gray ex S. Wats.) Haynes",,,,,,,urn:uuid:b292594e-51a6-44c3-a6fd-8cef9a25b035,"2014-05-30 15:48:17"
8083464,"S. Shaya, A. Rodrigues",,"December 20, 2013",,"Conopholis alpina",1,Liebm.,,,,,,,urn:uuid:3ce744ea-638b-4f61-a267-5f6564bdc5e7,"2014-05-30 15:54:21"
806966,"Assumed to be collector.",,"Assumed to be collection date.",,"Conopholis alpina",0,Liebm.,,,,,,,urn:uuid:3235fe89-4280-4046-bf40-0296d64f8e07,"2014-07-25 19:26:02"
806966,"S. Shaya & A. Robrigues",,"September 21, 2013",,"Conopholis alpina",0,Liebm.,,,,,,,urn:uuid:34e42580-7fbf-4199-89b0-3f1e8dc3ec37,"2014-07-25 19:26:02"
812121,"Joseph E. Laferriere",,1988-06-03,,"Dasylirion wheeleri var. wheeleri",0,,,,,,,,urn:uuid:69216dcc-698f-474e-b85d-975c7dad8bfa,"2014-07-25 19:26:02"
812121,"David J. Bogler",,1994-01-01,,"Dasylirion wheeleri",0,"S. Watson",,,,,,,urn:uuid:4b724608-7538-414e-b088-85e999db7459,"2014-07-25 19:26:02"
812121,"S. Shaya",,"December 20, 2013",,"Conopholis alpina",0,Liebm.,,,,,,,urn:uuid:c234b854-1282-4bfa-883f-d6c5a8efd7aa,"2014-07-25 19:26:02"
890163,"Rob Wheaton",,1989-04-21,,"Conopholis mexicana",0,"A. Gray",,,,,,,urn:uuid:18e5e873-2e27-456c-91f8-4b06bca3be96,"2014-07-25 19:26:02"
890163,ARIZ,,2012-08-29,,"Conopholis alpina",0,Liebm.,,,,,,"Nomenclatural Adjustment per Tropicos, 2012",urn:uuid:814e45e9-217f-4bb6-a4a5-0ee7f2148d47,"2014-07-25 19:26:02"
890164,"Bradley T. Wilson",,1990-04-18,,"Conopholis mexicana",0,"A. Gray",,,,,,,urn:uuid:c9be9ad2-ba98-40dd-beb5-d6e777b31a8c,"2014-07-25 19:26:02"
890164,ARIZ,,2012-08-29,,"Conopholis alpina",0,Liebm.,,,,,,"Nomenclatural Adjustment per Tropicos, 2012",urn:uuid:4ab91aed-ba0b-4393-ba37-dd59e13451ff,"2014-07-25 19:26:02"
952302,"Bob Schmalzel",,1974-04-28,,"Conopholis alpina var. mexicana",0,"(A. A. Gray ex S. Wats.) Haynes",,,,,,,urn:uuid:8c929df6-52eb-4b8e-bbc4-3d6b3a6b3a0a,"2014-07-25 19:26:02"
952302,"S. Shaya",,"December 20, 2013",,"Conopholis alpina",0,Liebm.,,,,,,,urn:uuid:f6bff311-35fa-4a1d-9d75-227819defd97,"2014-07-25 19:26:02"
952303,"Roy Johnson",,1958-06-10,,"Conopholis mexicana",0,"A. Gray",,,,,,,urn:uuid:6ac8a5fa-52f3-46d2-aef3-f3f1d1b73b42,"2014-07-25 19:26:02"
952303,"Robert R. Haynes",,1968-01-01,,"Conopholis alpina var. mexicana",0,"(A. A. Gray ex S. Wats.) Haynes",,,,,,,urn:uuid:04ce288a-6c55-4a2d-bb06-b2a2d310af93,"2014-07-25 19:26:02"
952303,"S. Shaya",,"September 21, 2013",,"Conopholis alpina",0,Liebm.,,,,,,,urn:uuid:ce440e70-c3f9-4a80-9275-5e27a0756e15,"2014-07-25 19:26:02"
952305,"Chiricahua Veg. Team",,1958-06-17,,"Orobanche multiflora",0,Nutt.,,,,,,,urn:uuid:55d0be75-105f-4a85-9406-cf480f5e1385,"2014-07-25 19:26:02"
952305,"Roy Johnson",,1959-12-11,,"Conopholis mexicana",0,"A. Gray",,,,,,,urn:uuid:1701c810-3d26-4cac-923c-350f77483ad6,"2014-07-25 19:26:02"
952305,"Robert R. Haynes",,1968-01-01,,"Conopholis alpina var. mexicana",0,"(A. A. Gray ex S. Wats.) Haynes",,,,,,,urn:uuid:bc12ffd0-9934-46af-856b-5fc4808e7e9f,"2014-07-25 19:26:02"
952305,"S. Shaya",,"December 20, 2013",,"Conopholis alpina",0,Liebm.,,,,,,,urn:uuid:b579306f-a381-48f4-86b1-be200ddf806d,"2014-07-25 19:26:02"
952307,"R. J. Barr",,1961-06-02,,"Conopholis mexicana",0,"A. Gray",,,,,,,urn:uuid:59031a0f-e77e-4a5c-bf4f-bfb4be07acd0,"2014-07-25 19:26:02"
952307,ARIZ,,2012-08-29,,"Conopholis alpina",0,Liebm.,,,,,,"Nomenclatural Adjustment per Tropicos, 2012",urn:uuid:956ae435-cef3-45fa-942f-9a0772c98ebd,"2014-07-25 19:26:02"
952307,"S. Shaya",,"December 20, 2013",,"Conopholis alpina",0,Liebm.,,,,,,,urn:uuid:c1578f16-517e-4708-b34a-0f9280c0df4f,"2014-07-25 19:26:02"
952309,"Caryl L Sagar",,1972-04-22,,"Conopholis alpina var. mexicana",0,"(A. A. Gray ex S. Wats.) Haynes",,,,,,,urn:uuid:6aa44b66-7cb9-49bd-bb0c-3fa0c9b4e048,"2014-07-25 19:26:02"
952309,"S. Shaya",,"September 21, 2013",,"Conopholis alpina",0,Liebm.,,,,,,,urn:uuid:580711b0-53d0-457e-ad21-37901b5ce5ca,"2014-07-25 19:26:02"
952310,"Darrell Lee",,1969-05-11,,"Conopholis mexicana",0,"A. Gray",,,,,,,urn:uuid:a3340846-c076-4492-9c41-3f99899ce865,"2014-07-25 19:26:02"
952310,ARIZ,,2012-08-29,,"Conopholis alpina",0,Liebm.,,,,,,"Nomenclatural Adjustment per Tropicos, 2012",urn:uuid:a5619fa1-86e3-4ad9-b39a-5f73fc6e2864,"2014-07-25 19:26:02"
952310,"S. Shaya",,"December 20, 2013",,"Conopholis alpina",0,Liebm.,,,,,,,urn:uuid:6fe835a6-1e3e-456a-ba02-c00191ead114,"2014-07-25 19:26:02"
952311,"R. J. Barr",,1963-06-08,,"Conopholis mexicana",0,"A. Gray",,,,,,,urn:uuid:276bf156-dba0-4ad3-a8be-0b75b4e72d00,"2014-07-25 19:26:02"
952311,"Robert R. Haynes",,1968-01-01,,"Conopholis alpina var. mexicana",0,"(A. A. Gray ex S. Wats.) Haynes",,,,,,,urn:uuid:0878de04-1f51-4686-8efd-7c35b480944b,"2014-07-25 19:26:02"
952311,"S. Shaya",,"December 20, 2013",,"Conopholis alpina",0,Liebm.,,,,,,,urn:uuid:7e28135f-b009-452a-9f8e-7b47a16035e6,"2014-07-25 19:26:02"
952312,"Turner Collins",,1972,,"Conopholis alpina var. mexicana",0,"(A. Gray ex S. Wats.) Haynes",,,,,,,urn:uuid:4475acae-b8d3-4fd8-be90-13abd9e68c03,"2014-07-25 19:26:02"
952312,"Assumed to be collector.",,"Assumed to be collection date.",,"Orobanche ludoviciana",0,Nutt.,,,,,,,urn:uuid:736e6fda-7dec-4c8f-bee1-b8f2759ee3b3,"2014-07-25 19:26:02"
952312,"S. Shaya & A. Robrigues",,"September 21, 2013",,"Conopholis alpina",0,Liebm.,,,,,,,urn:uuid:1e9cfdd7-5dfa-4f60-92ca-8a84b7dadb38,"2014-07-25 19:26:02"
952313,Unknown,,"Assumed to be collection date.",,"Conopholis mexicana",0,"Gray ex S. Wats.",,,,,,"Nomenclatural Adjustment per Tropicos, 2012",urn:uuid:d9601ec2-165f-4680-9401-4aeec4feef5c,"2014-07-25 19:26:02"
952313,"S. Shaya & A. Robrigues",,"September 21, 2013",,"Conopholis alpina",0,Liebm.,,,,,,,urn:uuid:1af87efb-56ca-41de-9985-7d500423e448,"2014-07-25 19:26:02"
952315,Maguire,,1935-06-11,,"Conopholis mexicana",0,"A. Gray",,,,,,,urn:uuid:bf173dcb-9362-4bf1-988b-26ec06faca69,"2014-07-25 19:26:02"
952315,"Robert R. Haynes",,1968,,"Conopholis alpina var. mexicana",0,"(A. A. Gray ex S. Wats.) Haynes",,,,,,,urn:uuid:76b48073-f163-45f5-aea5-323dce4dc5af,"2014-07-25 19:26:02"
952315,Maguire,,"Assumed to be collection date.",,"Conopholis mexicana",0,"Gray ex S. Wats.",,,,,,,urn:uuid:9e9bbb1d-e07d-4678-9e77-2455bb9c1b2c,"2014-07-25 19:26:02"
952318,"Robert R. Haynes",,1968,,"Conopholis alpina var. mexicana",0,"(A. Gray ex S. Wats.) Haynes",,,,,,,urn:uuid:65d158b1-7c18-4ac4-9b51-1f4322b7ecbc,"2014-07-25 19:26:02"
952320,"Assumed to be collector.",,"Assumed to be collection date.",,"Conopholis alpina var. mexicana",0,"(A. Gray ex S. Wats.) Haynes",,,,,,,urn:uuid:5f62a4b0-63bc-4f64-acbd-115605723f17,"2014-07-25 19:26:02"
952320,"S. Shaya & A. Robrigues",,"September 21, 2013",,"Conopholis alpina",0,Liebm.,,,,,,,urn:uuid:5063eb18-b6ef-4187-83b9-cb95d8643589,"2014-07-25 19:26:02"
952322,"Robert R. Haynes",,1968,,"Conopholis alpina var. mexicana",0,"(A. A. Gray ex S. Wats.) Haynes",,,,,,,urn:uuid:7c1a92fb-030a-41f9-bb8c-17cd7a571b72,"2014-07-25 19:26:02"
952322,"Assumed to be collector.",,"Assumed to be collection date.",,"Conopholis mexicana",0,"A. Gray",,,,,,,urn:uuid:89503a04-5bc3-4546-a986-1467ad13e7b8,"2014-07-25 19:26:02"
952322,"S. Shaya & A. Robrigues",,"September 21, 2013",,"Conopholis alpina",0,Liebm.,,,,,,,urn:uuid:58bbdd7a-21f7-48b1-a3f2-79e4414abbef,"2014-07-25 19:26:02"
952324,"L. N. Goodding",,1912-06-15,,"Orobanche ludoviciana",0,Nutt.,,,,,,,urn:uuid:4b5898cd-2d4f-42dc-a9f6-d8dcd2d8dfb9,"2014-07-25 19:26:02"
952324,"Robert R. Haynes",,1968-01-01,,"Conopholis alpina var. mexicana",0,"(A. A. Gray ex S. Wats.) Haynes",,,,,,,urn:uuid:01eb01d2-2197-4366-b939-6635ecb159d3,"2014-07-25 19:26:02"
952324,"L. N. Goodding",,s.d.,,"Conopholis americana",0,"(L.) Wallr.",,,,,,,urn:uuid:283d3df9-1ac5-4543-8870-0daa0b580e9d,"2014-07-25 19:26:02"
952324,"S. Shaya",,"September 21, 2013",,"Conopholis alpina",0,Liebm.,,,,,,,urn:uuid:65db541d-4ce0-4992-a123-46fe5888662b,"2014-07-25 19:26:02"
952325,Maguire,,1935-06-03,,"Conopholis mexicana",0,"A. Gray",,,,,,,urn:uuid:08ed45e9-0b8d-4dfb-98d6-1a2bb134bf76,"2014-07-25 19:26:02"
952325,"Robert R. Haynes",,1968-01-01,,"Conopholis alpina var. mexicana",0,"(A. A. Gray ex S. Wats.) Haynes",,,,,,,urn:uuid:27f51611-5ebb-4f12-9b11-752004c8be16,"2014-07-25 19:26:02"
952325,"S. Shaya",,"September 21, 2013",,"Conopholis alpina",0,Liebm.,,,,,,,urn:uuid:9b9359fa-40a1-427f-88b0-0de6c8469eb4,"2014-07-25 19:26:02"
952326,Maguire,,1935-06-06,,"Conopholis mexicana",0,"A. Gray",,,,,,,urn:uuid:69585c56-2c3e-4374-9dc3-4d8f8f51fdf0,"2014-07-25 19:26:02"
952326,"Robert R. Haynes",,1968,,"Conopholis alpina var. mexicana",0,"(A. A. Gray ex S. Wats.) Haynes",,,,,,,urn:uuid:2a764188-4c8c-42a0-9da3-90fa695c2b70,"2014-07-25 19:26:02"
952326,"S. Shaya & A. Robrigues",,"September 21, 2013",,"Conopholis alpina",0,Liebm.,,,,,,,urn:uuid:95cb0fca-7870-40ff-b63d-f0c81a2723b0,"2014-07-25 19:26:02"
952327,"Caryl L Sagar",,1970,,"Conopholis alpina var. mexicana",0,"(A. A. Gray ex S. Wats.) Haynes",,,,,,,urn:uuid:43df4c00-ac7c-4dea-9b95-3ef1ffe5a701,"2014-07-25 19:26:02"
952327,"S. Shaya & A. Robrigues",,"September 21, 2013",,"Conopholis alpina",0,Liebm.,,,,,,,urn:uuid:878cf177-0501-48f1-acfd-b0c439f458af,"2014-07-25 19:26:02"
952328,"Robert R. Haynes",,1968,,"Conopholis alpina var. mexicana",0,"(A. A. Gray ex S. Wats.) Haynes",,,,,,,urn:uuid:88c06836-d9ee-457e-8a43-a8f84c37a95b,"2014-07-25 19:26:02"
952328,"Assumed to be collector.",,"Assumed to be collection date.",,"Conopholis mexicana",0,"A. Gray",,,,,,,urn:uuid:209230cf-9d88-4774-96ae-7ba052c6911c,"2014-07-25 19:26:02"
952328,"S. Shaya & A. Robrigues",,"September 21, 2013",,"Conopholis alpina",0,Liebm.,,,,,,,urn:uuid:e13c4d98-e03f-4dc1-b590-c81442b7ca8c,"2014-07-25 19:26:02"
952329,"L. C. Hinkley",,1942-06-21,,"Conopholis mexicana",0,"A. Gray",,,,,,,urn:uuid:e9a6dd55-d7d7-4d10-84e3-a1c8efacae3b,"2014-07-25 19:26:02"
952329,"Robert R. Haynes",,1968-01-01,,"Conopholis alpina var. mexicana",0,"(A. A. Gray ex S. Wats.) Haynes",,,,,,,urn:uuid:899df7a0-f354-4ddb-bdca-e689551092da,"2014-07-25 19:26:02"
952330,"Leslie Goodding",,1937-04-07,,"Conopholis mexicana",0,"A. Gray",,,,,,,urn:uuid:504e98d3-17b1-4d3d-bc38-77512289f7e8,"2014-07-25 19:26:02"
952330,"Robert R. Haynes",,1968-01-01,,"Conopholis alpina var. mexicana",0,"(A. A. Gray ex S. Wats.) Haynes",,,,,,,urn:uuid:4f9e709a-470d-46b8-a9a7-5f74a324f602,"2014-07-25 19:26:02"
952330,"S. Shaya",,"December 20, 2013",,"Conopholis alpina",0,Liebm.,,,,,,,urn:uuid:ccd2f1de-7f39-4c4f-a89c-9cd261eb4b16,"2014-07-25 19:26:02"
952331,"Barton H. Warnock",,1936-05-03,,"Conopholis mexicana",0,"A. Gray",,,,,,,urn:uuid:13719e63-aa9f-446a-aa42-40cd44377cbc,"2014-07-25 19:26:02"
952331,"Robert R. Haynes",,1968-01-01,,"Conopholis alpina var. mexicana",0,"(A. A. Gray ex S. Wats.) Haynes",,,,,,,urn:uuid:c28069ab-b883-4006-98b0-7ac2af32fb5b,"2014-07-25 19:26:02"
952331,"S. Shaya",,"December 20, 2013",,"Conopholis alpina",0,Liebm.,,,,,,,urn:uuid:a7225979-732d-4dcf-b04a-0c73497507c5,"2014-07-25 19:26:02"
952332,"E. O. Wooton",,1905-05-26,,"Conopholis americana",0,"(L.) Wallr.",,,,,,,urn:uuid:7ecfe4eb-da14-40a7-ace0-29e4b774dd4c,"2014-07-25 19:26:02"
952332,"Robert R. Haynes",,1968-01-01,,"Conopholis alpina var. mexicana",0,"(A. A. Gray ex S. Wats.) Haynes",,,,,,,urn:uuid:e156a2c0-edb2-4685-8279-a71d0e0d9767,"2014-07-25 19:26:02"
952332,"S. Shaya",,"December 20, 2013",,"Conopholis alpina",0,Liebm.,,,,,,,urn:uuid:0258ef8c-aa31-463c-88ea-e0148e57ad4d,"2014-07-25 19:26:02"
952333,"K. F. Paker",,1934-01-01,,"Conopholis mexicana",0,"A. Gray",,,,,,,urn:uuid:6a71123d-4b85-48fc-8ad5-d2f8eb50d025,"2014-07-25 19:26:02"
952333,"Robert R. Haynes",,1968-01-01,,"Conopholis alpina var. mexicana",0,"(A. A. Gray ex S. Wats.) Haynes",,,,,,,urn:uuid:f9b01fd0-d156-4284-9424-54f4f9418022,"2014-07-25 19:26:02"
952333,"S. Shaya & A. Robrigues",,"September 21, 2013",,"Conopholis alpina",0,Liebm.,,,,,,,urn:uuid:55ae17b8-33af-451b-9972-b575ea857f6b,"2014-07-25 19:26:02"
952334,"R. R. Humphrey",,1936-06-22,,"Conopholis mexicana",0,"A. Gray",,,,,,,urn:uuid:761f36a4-11be-4f87-b911-70d8e41b1adf,"2014-07-25 19:26:02"
952334,"Robert R. Haynes",,1968-01-01,,"Conopholis alpina var. mexicana",0,"(A. A. Gray ex S. Wats.) Haynes",,,,,,,urn:uuid:8f00dadb-5682-42d9-86a8-e39bc0c55166,"2014-07-25 19:26:02"
952334,"S. Shaya",,"September 21, 2013",,"Conopholis alpina",0,Liebm.,,,,,,,urn:uuid:3a235903-0f61-4e59-b354-8c6f59ba4d20,"2014-07-25 19:26:02"
952335,"O. B. Metcalfe",,1904-07-02,,"Conopholis americana",0,"(L.) Wallr.",,,,,,,urn:uuid:00343b0c-3887-4667-961f-134c44283837,"2014-07-25 19:26:02"
952335,"Robert R. Haynes",,1968-01-01,,"Conopholis alpina var. mexicana",0,"(A. A. Gray ex S. Wats.) Haynes",,,,,,,urn:uuid:600182be-58c4-4865-8879-b4746ce83040,"2014-07-25 19:26:02"
952335,"S. Shaya",,"September 21, 2013",,"Conopholis alpina",0,Liebm.,,,,,,,urn:uuid:fdbe05d7-52c7-4c0a-93a0-4814bc1e8617,"2014-07-25 19:26:02"
952336,"P. Jenikins",,1997-01-01,,"Conopholis mexicana",0,"A. Gray",,,,,,,urn:uuid:3c02ea14-0299-43de-9d9d-241655d1328d,"2014-07-25 19:26:02"
952336,ARIZ,,2012-08-29,,"Conopholis alpina",0,Liebm.,,,,,,"Nomenclatural Adjustment per Tropicos, 2012",urn:uuid:5c84599e-4f05-4e5a-8566-64372231a293,"2014-07-25 19:26:02"
952336,"S. Shaya",,"September 21, 2013",,"Conopholis alpina",0,Liebm.,,,,,,,urn:uuid:39cccac1-d00e-44e7-b118-6b3dff14d6af,"2014-07-25 19:26:02"
952337,"O. B. Metcafe",,1903-07-16,,"Conopholis americana",0,"(L.) Wallr.",,,,,,,urn:uuid:a758d013-70d1-4968-b00d-8cad83212a57,"2014-07-25 19:26:02"
952337,"Robert R. Haynes",,1968-01-01,,"Conopholis alpina var. mexicana",0,"(A. A. Gray ex S. Wats.) Haynes",,,,,,,urn:uuid:4076cae7-7caa-43e1-b788-ae513ecf9655,"2014-07-25 19:26:02"
952337,"S. Shaya",,"December 20, 2013",,"Conopholis alpina",0,Liebm.,,,,,,,urn:uuid:7c7bb230-abd7-4962-96cb-ac743c288ed7,"2014-07-25 19:26:02"
952338,"M. Fishbein",,1994-07-01,,"Conopholis alpina var. mexicana",0,"(A. A. Gray ex S. Wats.) Haynes",,,,,,,urn:uuid:ee518b23-6859-4321-85dc-89079a409e2e,"2014-07-25 19:26:02"
952338,"S. Shaya",,"December 20, 2013",,"Conopholis alpina",0,Liebm.,,,,,,,urn:uuid:264b4ed4-7fe6-4b9a-b52b-431d21309bf8,"2014-07-25 19:26:02"
952339,"R. K. Van Devender ver M. Fishbein July 1994",,"July 1994",,"Conopholis alpina var. mexicana",0,"(A. A. Gray ex S. Wats.) Haynes",,,,,,,urn:uuid:74c4e9e3-6b6f-46a8-b53c-0f2e0eb87314,"2014-07-25 19:26:02"
952339,"S. Shaya & A. Robrigues",,"September 21, 2013",,"Conopholis alpina",0,Liebm.,,,,,,,urn:uuid:533264ca-8d43-4463-a629-942fa14d7ac3,"2014-07-25 19:26:02"
952340,"Assumed to be collector.",,"Assumed to be collection date.",,"Conopholis alpina",0,Liebm.,,,,,,,urn:uuid:ad81009f-cf22-48d5-bd8c-602b13c4270d,"2014-07-25 19:26:02"
952340,"S. Shaya & A. Robrigues",,"September 27, 2013",,"Conopholis alpina",0,Liebm.,,,,,,,urn:uuid:65e80a3c-be41-4afa-88c5-db6ad7bf87ff,"2014-07-25 19:26:02"
952348,"M. Dominguez L.",,1997-06-13,,"Conopholis americana",0,"(L.) Wallr.",,,,,,,urn:uuid:58fdeba6-2d8d-4a5b-87f6-99274db1c381,"2014-07-25 19:26:02"
952353,"Robert R. Haynes",,1968,,"Conopholis alpina var. mexicana",0,"(A. A. Gray ex S. Wats.) Haynes",,,,,,,urn:uuid:8e79d4d5-28e7-4ea4-b927-81f054c0aca0,"2014-07-25 19:26:02"
952353,"Assumed to be collector.",,"Assumed to be collection date.",,"Conopholis mexicana",0,"Gray ex S. Wats.",,,,,,,urn:uuid:4c8cba27-8608-442a-b545-b90f09868f45,"2014-07-25 19:26:02"
952353,"S. Shaya & A. Robrigues",,"September 21, 2013",,"Conopholis alpina",0,Liebm.,,,,,,,urn:uuid:2b6cfb04-e6de-4913-8d8e-60ca8a638be4,"2014-07-25 19:26:02"
952357,"R. Fernandez N.",,1976-04-06,,"Conopholis alpina",0,Liebm.,,,,,,,urn:uuid:f0a3fac0-5909-412c-ac97-76619ffc65b3,"2014-07-25 19:26:02"
952357,"S. Shaya",,"December 20, 2013",,"Conopholis alpina",0,Liebm.,,,,,,,urn:uuid:f59512ea-876c-4481-afea-2046a1dc09f4,"2014-07-25 19:26:02"
952357,"R. Fernandez N.",,s.d.,,"Conopholis alpina",0,Liebm.,,,,,,,urn:uuid:f7a70711-2026-4119-87e0-37854a0630ad,"2014-07-25 19:26:02"
952358,"R. Fernandez N.",,1980-03-04,,"Conopholis alpina var. mexicana",0,"(A. A. Gray ex S. Wats.) Haynes",,,,,,,urn:uuid:b4e0b0fc-cdce-4ff8-a971-add54498adf4,"2014-07-25 19:26:02"
952358,"S. Shaya",,"December 20, 2013",,"Conopholis alpina",0,Liebm.,,,,,,,urn:uuid:e52e4f06-7c9c-4411-b828-8dca6ef1d2dc,"2014-07-25 19:26:02"
952358,"R. Fernandez N.",,s.d.,,"Conopholis alpina var. mexicana",0,"(A. A. Gray ex S. Wats.) Haynes",,,,,,,urn:uuid:f39a1054-2eb2-4d12-bf82-2b981cc9c36c,"2014-07-25 19:26:02"
952359,"G. Yastkievych",,1983-05-01,,"Conopholis alpina var. mexicana",0,"(A. A. Gray ex S. Wats.) Haynes",,,,,,,urn:uuid:250e00c0-bcea-4b58-ae18-bc1c40c6e81b,"2014-07-25 19:26:02"
952360,"Assumed to be collector.",,"Assumed to be collection date.",,"Conopholis alpina var. mexicana",0,"(A. A. Gray ex S. Wats.) Haynes",,,,,,,urn:uuid:25c491f7-3356-49cb-8054-64e3799fa6f7,"2014-07-25 19:26:02"
952360,"S. Shaya & A. Robrigues",,"September 21, 2013",,"Conopholis alpina",0,Liebm.,,,,,,,urn:uuid:c6cfccca-05a0-4370-ab51-132ac1ad2511,"2014-07-25 19:26:02"
952361,"M. Fishbein",,1994-08-01,,"Conopholis alpina var. mexicana",0,"(A. A. Gray ex S. Wats.) Haynes",,,,,,,urn:uuid:93e9da83-30a0-4530-b04d-26b2ecfb1404,"2014-07-25 19:26:02"
952361,"Assumed to be collector.",,"Assumed to be collection date.",,"Conopholis alpina var. mexicana",0,"(A. A. Gray ex S. Wats.) Haynes",,,,,,,urn:uuid:cbc8bfed-d4c0-46f5-ab59-3bd0d6ee1cea,"2014-07-25 19:26:02"
952361,"S. Shaya & A. Robrigues",,"September 21, 2013",,"Conopholis alpina var. mexicana",0,"(A. Gray ex S. Wats.) Haynes",,,,,,,urn:uuid:f7a784a6-785e-4bc1-bcb3-c15a724c5dcd,"2014-07-25 19:26:02"
952362,"Assumed to be collector.",,"Assumed to be collection date.",,"Conopholis mexicana",0,"Gray ex S. Wats.",,,,,,,urn:uuid:bd72be70-0156-4f9a-98af-6db8536179fc,"2014-07-25 19:26:02"
952362,"S. Shaya & A. Robrigues",,"September 21, 2013",,"Conopholis alpina",0,Liebm.,,,,,,,urn:uuid:ca7d8cb5-cc76-4275-82d8-bd9068c2561a,"2014-07-25 19:26:02"
952363,?,,1973-03-20,,"Conopholis alpina var. mexicana",0,"(A. A. Gray ex S. Wats.) Haynes",,,,,,,urn:uuid:84420d09-5651-4a7d-9f15-68db79a76934,"2014-07-25 19:26:02"
952363,"D. J. Pinkava",,1973-03-20,,"Conopholis mexicana",0,"A. Gray",,,,,,,urn:uuid:db13e815-f995-460e-ae68-b0e9d1d67b49,"2014-07-25 19:26:02"
952363,"S. Shaya",,"December 20, 2013",,"Conopholis alpina",0,Liebm.,,,,,,,urn:uuid:e82abd47-a4c3-4fab-b2a6-565e48286b3d,"2014-07-25 19:26:02"
952363,?,,s.d.,,"Conopholis alpina var. mexicana",0,"(A. A. Gray ex S. Wats.) Haynes",,,,,,,urn:uuid:932ee7ef-65bd-4529-9374-45ccf895dc1f,"2014-07-25 19:26:02"
952366,"Assumed to be collector.",,"Assumed to be collection date.",,"Conopholis mexicana",0,"Gray ex S. Wats.",,,,,,"University of Toronto Mississauga (TRTE)",urn:uuid:4c27fb6b-8915-45f3-8430-39bfb6a4e4ce,"2014-07-25 19:26:02"
952366,"C.T. Mason, Jr 1984",,s.d.,,"Conopholis mexicana",0,"A. Gray",,,,,,,urn:uuid:82fb5c32-6bd5-4d39-be42-763841b322d7,"2014-07-25 19:26:02"
952368,"Assumed to be collector.",,"Assumed to be collection date.",,"Conopholis alpina var. mexicana",0,"(A. A. Gray ex S. Wats.) Haynes",,,,,,,urn:uuid:b5dc3c6e-4626-41fc-ac96-0728e10a0254,"2014-07-25 19:26:02"
952368,"S. Shaya & A. Robrigues",,"September 21, 2013",,"Conopholis alpina",0,Liebm.,,,,,,,urn:uuid:c79065ec-f4ee-41ce-987b-eef84fb61e42,"2014-07-25 19:26:02"
952370,"Assumed to be collector.",,"Assumed to be collection date.",,"Conopholis alpina var. mexicana",0,"(A. A. Gray ex S. Wats.) Haynes",,,,,,,urn:uuid:d9b341f2-1b93-4504-b30b-f01ca5548707,"2014-07-25 19:26:02"
952370,"S. Shaya & A. Robrigues",,"September 21, 2013",,"Conopholis alpina",0,Liebm.,,,,,,,urn:uuid:153a29ff-6408-482e-87e5-910fc32e86b0,"2014-07-25 19:26:02"
952371,"Robert R. Haynes",,1968,,"Conopholis alpina var. mexicana",0,"(A. Gray ex S. Wats.) Haynes",,,,,,,urn:uuid:9f7067e1-93c2-465a-9334-fbc057e44d57,"2014-07-25 19:26:02"
952371,"Assumed to be collector.",,"Assumed to be collection date.",,"Conopholis mexicana",0,"A. Gray",,,,,,,urn:uuid:eb451754-985b-4c05-aeba-8d0f79a07aae,"2014-07-25 19:26:02"
952371,"S. Shaya & A. Robrigues",,"December 20, 2013",,"Conopholis alpina",0,Liebm.,,,,,,,urn:uuid:9ea72099-7780-4fa0-96b0-5d8ff74c53d9,"2014-07-25 19:26:02"
952374,"Robert R. Haynes",,1968-01-01,,"Conopholis alpina var. mexicana",0,"(A. A. Gray ex S. Wats.) Haynes",,,,,,,urn:uuid:9b37da22-ce93-4257-9bce-65bfd74bd5da,"2014-07-25 19:26:02"
952374,"S. Shaya",,"December 20, 2013",,"Conopholis alpina",0,Liebm.,,,,,,,urn:uuid:ef805584-296c-404d-bca5-f606447c25ba,"2014-07-25 19:26:02"
952374,"T H Kearney",,s.d.,,"Conopholis mexicana",0,"A. Gray",,,,,,,urn:uuid:39cef1bf-dd8e-4e5d-bd3f-0013f45f47d8,"2014-07-25 19:26:02"
952376,"W. Hess",,1976-05-02,,"Conopholis mexicana",0,"A. Gray",,,,,,,urn:uuid:1c413f2e-0ce3-40e2-bfa4-3b38f0671ccd,"2014-07-25 19:26:02"
952376,ARIZ,,2012-08-29,,"Conopholis alpina",0,Liebm.,,,,,,"Nomenclatural Adjustment per Tropicos, 2012",urn:uuid:36085a9e-4ba4-4327-a54a-c9f480671575,"2014-07-25 19:26:02"
952376,"S. Shaya",,"December 20, 2013",,"Conopholis alpina",0,Liebm.,,,,,,,urn:uuid:4e4726df-f4a1-4006-b4ca-a6be5e9f6cea,"2014-07-25 19:26:02"
952377,"Robert R. Haynes",,"Assumed to be collection date.",,"Conopholis alpina var. mexicana",0,"(A. A. Gray ex S. Wats.) Haynes",,,,,,,urn:uuid:9282452b-01eb-4a89-a8af-eeccec856562,"2014-07-25 19:26:02"
952378,"Robert R. Haynes",,1968,,"Conopholis alpina var. mexicana",0,"(A. Gray ex S. Wats.) Haynes",,,,,,,urn:uuid:6ccf35a6-33ee-404a-9b68-98a9fa4ad89c,"2014-07-25 19:26:02"
952378,"Assumed to be collector.",,"Assumed to be collection date.",,"Conopholis mexicana",0,"Gray ex S. Wats.",,,,,,"Nomenclatural Adjustment per Tropicos, 2012",urn:uuid:0772c198-52b6-4d93-8b47-61b8194d6dbe,"2014-07-25 19:26:02"
952378,"S. Shaya & A. Robrigues",,"September 21, 2013",,"Conopholis alpina",0,Liebm.,,,,,,,urn:uuid:28990fa5-7704-44a8-b378-685a6e9fc627,"2014-07-25 19:26:02"
952379,"T. L. Burgess",,1974-04-16,,"Conopholis mexicana",0,"A. Gray",,,,,,,urn:uuid:4cff742c-e029-4ed1-8439-d269f238d32c,"2014-07-25 19:26:02"
952379,ARIZ,,2012-08-29,,"Conopholis alpina",0,Liebm.,,,,,,"Nomenclatural Adjustment per Tropicos, 2012",urn:uuid:43b4aa92-f83a-4997-b7cf-98026aba3bfd,"2014-07-25 19:26:02"
952379,"S. Shaya",,"December 20, 2013",,"Conopholis alpina",0,Liebm.,,,,,,,urn:uuid:f83f19aa-b93d-4cd9-a1d1-7389b1f3e093,"2014-07-25 19:26:02"
952380,"G. Yatsakievych",,1982-01-01,,"Conopholis alpina var. mexicana",0,"(A. A. Gray ex S. Wats.) Haynes",,,,,,,urn:uuid:7a68c4b5-bc56-4e7c-9a63-f2ffbe44288c,"2014-07-25 19:26:02"
952380,"S. Shaya",,"September 21, 2013",,"Conopholis alpina",0,Liebm.,,,,,,,urn:uuid:f539d99d-98ce-4199-852e-23964d0645b5,"2014-07-25 19:26:02"
952384,"G. Yatsakievych",,1982-01-01,,"Conopholis alpina var. mexicana",0,"(A. A. Gray ex S. Wats.) Haynes",,,,,,,urn:uuid:2ee0c012-fc85-4860-80bd-6dc456c54a7a,"2014-07-25 19:26:02"
952384,"S. Shaya & A. Robrigues",,"September 21, 2013",,"Conopholis alpina",0,Liebm.,,,,,,,urn:uuid:e43fcd49-ffae-4e83-9038-a1e08f85d8a1,"2014-07-25 19:26:02"
952392,"P. S, Martin",,1986-05-24,,"Conopholis alpina var. mexicana",0,"(A. A. Gray ex S. Wats.) Haynes",,,,,,,urn:uuid:ca4bd05a-bd40-47df-8bce-5fd419e12ba6,"2014-07-25 19:26:02"
952392,"S. Shaya",,"September 21, 2013",,"Conopholis alpina",0,Liebm.,,,,,,,urn:uuid:46fb3135-7c7b-42b3-b553-2bfbb64cc157,"2014-07-25 19:26:02"
960726,"James henrickson, D. Riskind",,1997-04-15,,"Conopholis mexicana",0,"A. Gray",,,,,,,urn:uuid:ab11d86f-a56e-4a27-98bc-f9d43af716cd,"2014-07-25 19:26:02"
960726,ARIZ,,2012-08-29,,"Conopholis alpina",0,Liebm.,,,,,,"Nomenclatural Adjustment per Tropicos, 2012",urn:uuid:f4082c17-e970-46e8-81cc-9f2ac811acf3,"2014-07-25 19:26:02"
1912330,"R.F. Thorne",,1977-09-03,,"Conopholis mexicana",0,"A. Gray",,,,,,,urn:uuid:625fd31e-454c-4f5e-b850-4c9a888b7bc4,"2014-07-25 19:26:02"
1912330,ARIZ,,2012-08-29,,"Conopholis alpina",0,Liebm.,,,,,,"Nomenclatural Adjustment per Tropicos, 2012",urn:uuid:baa03093-2728-46b8-ba60-6dfdc6a54943,"2014-07-25 19:26:02"
5544501,"R.J. Barr",,1961-06-02,,"Conopholis alpina",0,Liebm.,,,,,,,urn:uuid:819e2acd-6875-48bb-8a89-055d87658101,"2014-12-23 15:15:32"
5544502,"R.R. Johnson",,1958-06-10,,"Conopholis alpina",0,Liebm.,,,,,,,urn:uuid:11c4a749-e8f6-40e3-8fa1-d9a52a5cdd1d,"2014-12-23 15:15:32"
5544503,"J. McCormick",,1959-04-22,,"Conopholis alpina",0,Liebm.,,,,,,,urn:uuid:fc1bace6-ec4a-46ad-9c68-16b834c351ce,"2014-12-23 15:15:32"
5544504,"R.J. Barr",,1963-06-08,,"Conopholis alpina",0,Liebm.,,,,,,,urn:uuid:8e8813d8-0d8b-4cd9-b285-7cbad7523fec,"2014-12-23 15:15:32"
5544505,Moeller,,1935-06-11,,"Conopholis alpina",0,Liebm.,,,,,,,urn:uuid:1509b0e9-9772-48e4-bafe-f8ecb3bf4c7f,"2014-12-23 15:15:32"
5544506,"W.L. Schroeder",,1938-12-01,,"Conopholis alpina",0,Liebm.,,,,,,,urn:uuid:1aadba10-4187-4417-bdb0-ba52497a1ae3,"2014-12-23 15:15:32"
5544507,"Chiricahua Veg. Team",,1958-06-17,,"Conopholis alpina",0,Liebm.,,,,,,,urn:uuid:b2272451-99ae-4d3a-acee-dc1f4d7131c8,"2014-12-23 15:15:32"
5544508,Moeller,,1935-06-06,,"Conopholis alpina",0,Liebm.,,,,,,,urn:uuid:811a0f55-bb9d-4af5-ba66-f81d54a7bff3,"2014-12-23 15:15:32"
5544509,"L.N. Goodding",,1912-06-15,,"Conopholis alpina",0,Liebm.,,,,,,,urn:uuid:7d7f10bf-42b2-4df4-8294-55777c39eb5e,"2014-12-23 15:15:32"
5544510,"D. Lee",,1969-05-11,,"Conopholis alpina",0,Liebm.,,,,,,,urn:uuid:17ccea90-b4b9-495a-85c2-355d955c90c2,"2014-12-23 15:15:32"
5544511,"B. Schmalzel",,1974-04-28,,"Conopholis alpina",0,Liebm.,,,,,,,urn:uuid:a49d5ab0-2e1b-4a5f-b81e-4f7c0df59d7a,"2014-12-23 15:15:32"
5544512,Moeller,,1935-06-03,,"Conopholis alpina",0,Liebm.,,,,,,,urn:uuid:1588faf3-5ca1-4cfa-886a-f889fc9a50bc,"2014-12-23 15:15:32"
5544513,Unknown,,1953-06-10,,"Conopholis alpina",0,Liebm.,,,,,,,urn:uuid:1932b48f-cf2f-4098-9995-564bed1bd56e,"2014-12-23 15:15:32"
5544514,"F.W. Reichenbacher",,1980-05-21,,"Conopholis alpina",0,Liebm.,,,,,,,urn:uuid:15e8ab9b-b432-48c4-b9c1-3f7434cf61cb,"2014-12-23 15:15:32"
5544515,"P.C. Fischer",,1980-05-19,,"Conopholis alpina",0,Liebm.,,,,,,,urn:uuid:c596c1e3-a70e-4811-bbfc-39a3accff8b7,"2014-12-23 15:15:32"
5544516,"W.S. Phillips",,1945-05-18,,"Conopholis alpina",0,Liebm.,,,,,,,urn:uuid:e1758ba4-d69b-480c-aa29-30d7110590c7,"2014-12-23 15:15:32"
5544517,"R.E. Collom",,1933-06-02,,"Conopholis alpina",0,Liebm.,,,,,,,urn:uuid:f3104bfe-e5e5-4a58-aa27-bf6dc12aecb4,"2014-12-23 15:15:32"
5544518,"L. Hendrickson",,1984-06-02,,"Conopholis alpina",0,Liebm.,,,,,,,urn:uuid:6fc4b70c-1cb2-4de0-9157-8a7157fc0b08,"2014-12-23 15:15:32"
5544519,"E.G. Smith",,1937-05-24,,"Conopholis alpina",0,Liebm.,,,,,,,urn:uuid:34477d91-bc8e-4f6d-947b-8c33be1a9a60,"2014-12-23 15:15:32"
5544520,"R. H. Peebles",,1928-05-24,,"Conopholis alpina",0,Liebm.,,,,,,,urn:uuid:323494b8-5bd2-4ea4-a53d-79f0511c658d,"2014-12-23 15:15:32"
5544521,"F.W. Gould",,1947-06-05,,"Conopholis alpina",0,Liebm.,,,,,,,urn:uuid:1ca8381b-ecfd-4f40-bbb7-86081d1f4383,"2014-12-23 15:15:32"
5544522,"T. H. Kearney",,1927-12-01,,"Conopholis alpina",0,Liebm.,,,,,,,urn:uuid:6b4d5952-d861-44ea-bb40-cd589f74b92c,"2014-12-23 15:15:32"
5544523,"H.F. Loomis",,1929-05-31,,"Conopholis alpina",0,Liebm.,,,,,,,urn:uuid:e33799f8-3dfe-42ad-a2e7-2c18f610e9e9,"2014-12-23 15:15:32"
5544524,"F. Shreve",,1914-12-01,,"Conopholis alpina",0,Liebm.,,,,,,,urn:uuid:98da9ab4-a753-4f9e-870b-f58ba310ce9a,"2014-12-23 15:15:32"
5544525,"Carl-Eric Granfelt",,1970-06-24,,"Conopholis alpina",0,Liebm.,,,,,,,urn:uuid:12ec5961-a895-4751-87c8-0ce2ee5b36e1,"2014-12-23 15:15:32"
5544526,"G. Ferguson",,1988-12-01,,"Conopholis alpina var. mexicana",0,"(A. A. Gray ex S. Wats.) Haynes",,,,,,,urn:uuid:98261cd4-e02f-4b4e-81e1-1d8680788ae9,"2014-12-23 15:15:32"
5544527,"D. A. Yetman",,1998-05-14,,"Conopholis alpina var. mexicana",0,"(A. A. Gray ex S. Wats.) Haynes",,,,,,,urn:uuid:998fa419-2337-4fb6-a116-868fb99f67cd,"2014-12-23 15:15:32"
5574258,"M. Mehrman",,1985-07-04,,"Conopholis alpina var. mexicana",0,"(A. A. Gray ex S. Wats.) Haynes",,,,,,,urn:uuid:d7df18d5-2f9f-410a-95f8-adcad4cc8067,"2014-12-23 15:15:32"
5574259,"J.E. Laferriere",,1987-04-22,,"Conopholis alpina var. mexicana",0,"(A. A. Gray ex S. Wats.) Haynes",,,,,,,urn:uuid:e78a6a96-17c8-4d53-82f2-52d130c4c268,"2014-12-23 15:15:32"
5574260,"P.S. Martin",,1986-05-24,,"Conopholis alpina var. mexicana",0,"(A. A. Gray ex S. Wats.) Haynes",,,,,,,urn:uuid:cd61e81c-dc62-4258-8b75-dfaccda749e1,"2014-12-23 15:15:32"
8854089,"R.D. Worthington",,1980,,"Orobanche ludoviciana",0,Nutt.,,,,,,,urn:uuid:cc0e4402-50b7-4d50-88a0-26080fd3d44d,"2016-04-07 15:41:39"
8854089,"Turner Collins",,1999,,"Conopholis mexicana",0,"Gray ex S. Wats.",,,,,,,urn:uuid:6e4857d4-ad7f-4b41-a45d-93bd588bcd2b,"2016-04-07 15:41:39"
2069755,"Joni Ward",,,,"Conopholis alpina var. mexicana",0,,,,,,,,urn:uuid:48c1ff6f-f310-40f3-8f9b-a42d10152b6a,"2011-08-17 18:39:27"
20557053,"Mark W. Ellis",,2002-02-08,,"Conopholis alpina",1,Liebm.,,,,,,,urn:uuid:fa05ffe2-2b45-4481-ac96-5d61599f4ef3,"2018-09-29 13:57:13"
20557053,"Assumed to be collector(s)",,unknown,,Conopholis,0,Wallr.,,,,,,"On label ""Conopholis neomexicana Gray"", name not published, possibly meant C. mexicana A. Gray ex S. Watson.",urn:uuid:c65095c5-10df-481f-9898-695527edc739,"2018-09-29 13:57:13"
20557054,"Mark Ellis",,2002-02-08,,"Conopholis americana",1,"(L.) Wallr.",,,,,,,urn:uuid:6ad456c8-d293-4ccf-a205-6afdcc2d9716,"2018-09-29 13:05:58"
20557054,"Assumed to be collector(s)",,unknown,,"Conopholis americana",0,"(L.) Wallr.",,,,,,,urn:uuid:8a3c3587-7059-456a-9b59-b7dccfc29be1,"2018-09-29 13:05:58"
20557056,"Mark Ellis",,2002-02-08,,"Conopholis americana",1,"(L.) Wallr.",,,,,,,urn:uuid:e5febda7-e7c6-4c7d-88fc-d99eff437f0e,"2018-09-29 13:38:51"
20557056,"Assumed to be collector",,unknown,,"Conopholis americana",0,"(L.) Wallr.",,,,,,,urn:uuid:f7de66fb-c2cf-4f0f-bfaf-881504f91f7f,"2018-09-29 13:39:01"
20557064,"Mark W. Ellis",,2002-02-08,,"Conopholis alpina",1,Liebm.,,,,,,,urn:uuid:838e68d6-5434-4317-8c4b-cc3b0102d939,"2018-09-29 14:11:55"
20557064,"Assumed to be collector(s)",,unknown,,"Conopholis mexicana",0,"Gray ex S. Wats.",,,,,,,urn:uuid:46073521-c0c5-4d99-83a5-ca7c0e66b4b5,"2018-09-29 14:11:55"
20557065,"Mark W. Ellis",,2002-02-08,,"Conopholis alpina",1,Liebm.,,,,,,,urn:uuid:46b35197-b2d2-4809-95b0-50d758775da8,"2018-09-29 14:03:33"
20557065,"Assumed to be collector(s)",,unknown,,"Conopholis mexicana",0,"Gray ex S. Wats.",,,,,,,urn:uuid:8a28b9ec-29fe-41c3-b7e1-c836582f1b16,"2018-09-29 14:03:33"
20557066,"Mark W. Ellis",,2002-02-08,,"Conopholis alpina",1,Liebm.,,,,,,,urn:uuid:84a8542f-6fdb-431f-be3b-99e3bae8a4bf,"2018-09-29 14:18:05"
20557066,"Assumed to be collector(s)",,unknown,,"Conopholis mexicana",0,"Gray ex S. Wats.",,,,,,,urn:uuid:0085e99b-3e8c-48cd-83ec-a700ed71fd33,"2018-09-29 14:18:05"
20557091,"Mark Ellis",,2002-02-08,,"Conopholis americana",1,"(L.) Wallr.",,,,,,,urn:uuid:f8a8a88e-2a01-465b-80c5-ff982c620f16,"2018-09-29 13:42:44"
20557091,"Assumed to be collector",,unknown,,"Conopholis americana",0,"(L.) Wallr. f.",,,,,,,urn:uuid:714d3e24-f79f-4242-a164-404c7ad3b1a8,"2018-09-29 13:42:44"
4004154,"I. Tidestrom,",,unknown,,"Conopholis alpina var. mexicana",1,,,,,,,bb2df347-14e0-11e3-8973-bc305bdb3ca6,urn:uuid:8e7b0558-5147-4b69-a177-47b2974b2074,"2014-02-21 20:08:59"
4012249,unknown,,unknown,,"Conopholis alpina var. mexicana",1,,,,,,,bb4227d1-14e0-11e3-8973-bc305bdb3ca6,urn:uuid:69cbb179-3b76-4ee9-b878-9e5de4be55d4,"2014-02-21 20:08:59"
4031232,"R.C. Sivinski,",,1999-01-01,,"Conopholis alpina var. mexicana",1,,,,,,,bb7f34bb-14e0-11e3-8973-bc305bdb3ca6,urn:uuid:0a036629-2f1e-44ed-9dba-950f124fc75e,"2014-02-21 20:08:59"
4031233,"R.C. Sivinski,",,1999-01-01,,Conopholis,1,,Conopholis,,,,,c01a010b-14e0-11e3-8973-bc305bdb3ca6,urn:uuid:5148ab3c-ab79-47ae-8e11-fa868cfff36c,"2014-02-21 20:08:59"
4033019,unknown,,unknown,,"Conopholis alpina var. mexicana",1,,,,,,,bb834202-14e0-11e3-8973-bc305bdb3ca6,urn:uuid:3a6b69ab-fc3d-4bfe-a44a-b935bf6e0f7d,"2014-02-21 20:08:59"
4058664,unknown,,unknown,,"Conopholis alpina",1,,Conopholis,alpina,,,,be0491c9-14e0-11e3-8973-bc305bdb3ca6,urn:uuid:3335ca38-3755-4c81-ba5f-4c88380a0eb1,"2014-02-21 20:08:59"
4068339,unknown,,unknown,,Conopholis,1,,Conopholis,,,,,c0246076-14e0-11e3-8973-bc305bdb3ca6,urn:uuid:96df2524-b2b4-473f-aff3-3c0ec6bf7ace,"2014-02-21 20:08:59"
4085189,"R.R. Haynes,",,1968-01-01,,"Conopholis alpina var. mexicana",1,,,,,,,bbe1d27b-14e0-11e3-8973-bc305bdb3ca6,urn:uuid:7b6ea026-6db5-4324-adcd-fbef7cf38c51,"2014-02-21 20:08:59"
4085193,"O.B. Metcalfe",,1904,,"Conopholis americana",0,Wallr.,,,,,,,urn:uuid:ea728a4a-9423-4045-8974-c808d81df9fb,"2015-04-14 15:57:19"
4085193,"Robert R. Haynes",,1968,,"Conopholis alpina var. mexicana",1,,,,,,,bbe1d426-14e0-11e3-8973-bc305bdb3ca6,urn:uuid:5a44bd41-e1ef-4293-8666-a7b111cad55d,"2014-02-21 20:08:59"
4085197,"R.R. Haynes,",,1968-01-01,,"Conopholis alpina var. mexicana",1,,,,,,,bbe1d5ca-14e0-11e3-8973-bc305bdb3ca6,urn:uuid:44bdca8c-8cd3-4465-9301-f6f2d4130253,"2014-02-21 20:08:59"
4085203,"R.R. Haynes,",,1968-01-01,,"Conopholis alpina var. mexicana",1,,,,,,,bbe1d775-14e0-11e3-8973-bc305bdb3ca6,urn:uuid:f8e6a532-e5fd-4975-89f1-41e4a4bc1b27,"2014-02-21 20:08:59"
4085204,"R.R. Haynes,",,1968-01-01,,"Conopholis alpina var. mexicana",1,,,,,,,bbe1d91f-14e0-11e3-8973-bc305bdb3ca6,urn:uuid:3356e6fd-27b5-4b7b-acf0-68b359b8b296,"2014-02-21 20:08:59"
4085210,"R.R. Haynes,",,1968-01-01,,"Conopholis alpina var. mexicana",1,,,,,,,bbe1daca-14e0-11e3-8973-bc305bdb3ca6,urn:uuid:29d86c0e-9970-4b9d-b239-2f4ec3de774b,"2014-02-21 20:08:59"
4085212,"R.R. Haynes,",,1968-01-01,,"Conopholis alpina var. mexicana",1,,,,,,,bbe1dc7b-14e0-11e3-8973-bc305bdb3ca6,urn:uuid:0e7bbfd9-ac01-49e0-8c1e-79fd332a2446,"2014-02-21 20:08:59"
4085214,"R.R. Haynes,",,1968-01-01,,"Conopholis alpina var. mexicana",1,,,,,,,bbe1de29-14e0-11e3-8973-bc305bdb3ca6,urn:uuid:ce101678-5062-410d-9f0b-c49c30761f32,"2014-02-21 20:08:59"
4085215,"R.R. Haynes,",,1968-01-01,,"Conopholis alpina var. mexicana",1,,,,,,,bbe1dfdd-14e0-11e3-8973-bc305bdb3ca6,urn:uuid:25cb1169-fa73-487f-8faa-eaa2641127d5,"2014-02-21 20:08:59"
4085220,"L.R. Heckard,",,1969-01-01,,"Conopholis alpina var. mexicana",1,,,,,,,bbe1e18b-14e0-11e3-8973-bc305bdb3ca6,urn:uuid:8c4c1b34-3488-46ac-bdc6-61433fa12ac2,"2014-02-21 20:08:59"
4085224,unknown,,unknown,,"Conopholis alpina var. mexicana",1,,,,,,,bbe1e333-14e0-11e3-8973-bc305bdb3ca6,urn:uuid:dee78618-89f9-44f7-8f0d-1aeca35e6d0c,"2014-02-21 20:08:59"
4085225,unknown,,unknown,,"Conopholis alpina var. mexicana",1,,,,,,,bbe1e5ae-14e0-11e3-8973-bc305bdb3ca6,urn:uuid:f89d6210-098f-43b7-8d8d-967b3126e51d,"2014-02-21 20:08:59"
4085227,unknown,,unknown,,"Conopholis alpina var. mexicana",1,,,,,,,bbe1e755-14e0-11e3-8973-bc305bdb3ca6,urn:uuid:c345fa2a-0686-48f6-a7ef-ffe081dc5785,"2014-02-21 20:08:59"
4085229,unknown,,unknown,,"Conopholis alpina var. mexicana",1,,,,,,,bbe1e8ed-14e0-11e3-8973-bc305bdb3ca6,urn:uuid:2c89836d-b843-4151-8301-3cf4298454c9,"2014-02-21 20:08:59"
4085232,unknown,,unknown,,"Conopholis alpina var. mexicana",1,,,,,,,bbe1ea84-14e0-11e3-8973-bc305bdb3ca6,urn:uuid:ffc74708-6985-4746-9e5f-dd7fbddd94db,"2014-02-21 20:08:59"
4085234,unknown,,unknown,,"Conopholis alpina var. mexicana",1,,,,,,,bbe1ec15-14e0-11e3-8973-bc305bdb3ca6,urn:uuid:5464d7b9-cbc9-46d5-a43a-50610638a177,"2014-02-21 20:08:59"
4085235,"R.R. Haynes,",,1968-01-01,,"Conopholis alpina var. mexicana",1,,,,,,,bbe1edb6-14e0-11e3-8973-bc305bdb3ca6,urn:uuid:4ce8b85d-bd09-491c-8999-bac27ed3f7be,"2014-02-21 20:08:59"
4085237,unknown,,unknown,,"Conopholis alpina var. mexicana",1,,,,,,,bbe1ef5e-14e0-11e3-8973-bc305bdb3ca6,urn:uuid:9f7203f7-107d-4eb1-974d-c78981c968aa,"2014-02-21 20:08:59"
4085239,unknown,,unknown,,"Conopholis alpina var. mexicana",1,,,,,,,bbe1f0fb-14e0-11e3-8973-bc305bdb3ca6,urn:uuid:4655d05c-7697-433b-b90a-b124b98b6318,"2014-02-21 20:08:59"
4085240,unknown,,unknown,,"Conopholis alpina var. mexicana",1,,,,,,,bbe1f28c-14e0-11e3-8973-bc305bdb3ca6,urn:uuid:b5c086ac-691c-4878-b568-204eaba95381,"2014-02-21 20:08:59"
4085267,unknown,,unknown,,"Conopholis alpina var. mexicana",1,,,,,,,bbe1f41d-14e0-11e3-8973-bc305bdb3ca6,urn:uuid:b138828e-682f-466c-aae5-bb5136839313,"2014-02-21 20:08:59"
4085268,"D.L. Bleakly,",,1992-01-01,,"Conopholis alpina var. mexicana",1,,,,,,,bbe1f5b8-14e0-11e3-8973-bc305bdb3ca6,urn:uuid:44058378-0883-48ce-ae5d-0b064f302fb0,"2014-02-21 20:08:59"
4085271,unknown,,unknown,,"Conopholis alpina var. mexicana",1,,,,,,,bbe1f763-14e0-11e3-8973-bc305bdb3ca6,urn:uuid:71ad7f30-6ae5-4579-9b85-3ecc4a3d5ec3,"2014-02-21 20:08:59"
4085273,unknown,,unknown,,"Conopholis alpina var. mexicana",1,,,,,,,bbe1f8f4-14e0-11e3-8973-bc305bdb3ca6,urn:uuid:9223b3a9-cdb9-489b-801f-4859dbc2fdce,"2014-02-21 20:08:59"
4104707,unknown,,unknown,,"Conopholis alpina var. mexicana",1,,,,,,,bc148e8d-14e0-11e3-8973-bc305bdb3ca6,urn:uuid:b2b459e2-b610-4d28-8d92-b6cbe1b28725,"2014-02-21 20:08:59"
4110962,unknown,,unknown,,"Conopholis alpina var. mexicana",1,,,,,,,bc1e03a2-14e0-11e3-8973-bc305bdb3ca6,urn:uuid:6c3f93f1-d244-4e04-b1c3-ec61acec4b07,"2014-02-21 20:08:59"
4113606,"Y. Chauvin,",,unknown,,"Conopholis alpina var. mexicana",1,,,,,,,bc260942-14e0-11e3-8973-bc305bdb3ca6,urn:uuid:612ecb08-5504-4d33-960a-f7f5e68bd93f,"2014-02-21 20:08:59"
4119346,unknown,,unknown,,"Conopholis alpina var. mexicana",1,,,,,,,c048a773-14e0-11e3-8973-bc305bdb3ca6,urn:uuid:b7ec6761-e508-4805-a725-d59c8edc9601,"2014-02-21 20:08:59"
4119346,unknown,,unknown,,"Conopholis mexicana",0,,Conopholis,mexicana,,,,c048a9c5-14e0-11e3-8973-bc305bdb3ca6,urn:uuid:44453ce9-52c8-458c-ac24-7cd703657473,"2014-02-21 20:08:59"
4120935,unknown,,unknown,,"Conopholis alpina var. mexicana",1,,,,,,,c05e3688-14e0-11e3-8973-bc305bdb3ca6,urn:uuid:afd51ded-e20c-47b2-9452-58ed3b75941a,"2014-02-21 20:08:59"
4124110,unknown,,1991-01-01,,"Conopholis alpina var. mexicana",0,,Conopholis,mexicana,,,,f5ac75aa-5519-4736-b370-e53146036099,urn:uuid:a058a246-685b-4243-8203-65aecc468c33,"2014-02-21 20:08:59"
4124110,"Stevens, Donna",,2001-01-01,,"Conopholis alpina var. mexicana",1,,,,,,,6d5a41d1-a428-4018-ab10-8f66f751592f,urn:uuid:4a2efc1e-d774-4f27-af10-30c3cf264d26,"2014-02-21 20:08:59"
4143543,unknown,,unknown,,"Conopholis alpina var. mexicana",1,,,,,,,57f777ae-912b-4ca5-a12f-529a47252ee7,urn:uuid:6f6e4080-1261-480a-8dde-f378ee41ef61,"2014-02-21 20:08:59"
109196,"A.D. Zimmerman",,1994-06,,"Conopholis mexicana",0,"Gray ex S. Wats.",,,,,,,urn:uuid:57a1358a-3f05-4283-997b-7cbc63bf1113,"2016-09-07 17:14:00"
109196,"D.K. Walkup",,2009-12,,"Conopholis alpina var. mexicana",1,"(A. Gray ex S. Wats.) Haynes",,,,,,,urn:uuid:7c6140d1-f682-4401-84b2-df7371c4a7da,"2016-09-07 17:14:00"
109197,"D.A. Zimmerman",,1960,,"Conopholis mexicana",0,"Gray ex S. Wats.",,,,,,,urn:uuid:451c0ebb-fdbb-4f96-bb27-595274cd71e1,"2016-09-07 17:09:21"
109197,"D. Stevens",,2002-04,,"Conopholis alpina var. mexicana",1,"(A. Gray ex S. Wats.) Haynes",,,,,,,urn:uuid:0d22e036-cb04-4580-b39c-53f6257b5ba3,"2016-09-07 17:09:21"
109198,"D. Ordonez",,1972,,"Conopholis mexicana",0,"Gray ex S. Wats.",,,,,,,urn:uuid:b9244b6b-4e62-41cd-bcd8-c3d8764113f8,"2016-09-07 17:07:50"
109198,"D. Stevens",,2002-04,,"Conopholis alpina var. mexicana",1,"(A. Gray ex S. Wats.) Haynes",,,,,,,urn:uuid:312504a9-74ec-4a3a-a12c-8dd50665e04b,"2016-09-07 17:07:50"
109199,"P.L. Packard",,1976,,"Conopholis mexicana",0,"Gray ex S. Wats.",,,,,,,urn:uuid:e4eed8dd-28f6-4179-8ef7-5c65d6a7b4ef,"2016-09-07 17:05:52"
109199,"D. Stevens",,2002-04,,"Conopholis alpina var. mexicana",1,"(A. Gray ex S. Wats.) Haynes",,,,,,,urn:uuid:693a449c-6d5d-4a56-b2d2-7ecbd5ba1a07,"2016-09-07 17:05:52"
109200,"D. Stevens",,2002-04,,"Conopholis alpina var. mexicana",1,"(A. Gray ex S. Wats.) Haynes",,,,,,,urn:uuid:06cbe542-1f5b-4b6c-af94-4b8692d7ded3,"2016-09-08 18:01:31"
109200,"D.A. Zimmerman",,unknown,,"Conopholis mexicana",0,"Gray ex S. Wats.",,,,,,,urn:uuid:ed2d7588-c9af-4f82-8bc7-c0b85dcee545,"2016-09-08 18:01:31"
109201,"T. Woodworth",,1971,,"Conopholis mexicana",0,"Gray ex S. Wats.",,,,,,,urn:uuid:64e08db9-3706-48fd-81a1-42312efc7ee3,"2016-09-08 17:59:27"
109201,"D. Stevens",,2002-04,,"Conopholis alpina var. mexicana",1,"(A. Gray ex S. Wats.) Haynes",,,,,,,urn:uuid:f60e3ab7-3c3b-4895-8caa-5846591e6486,"2016-09-08 17:59:27"
109202,"K. Jacobs",,1971,,"Conopholis mexicana",0,"Gray ex S. Wats.",,,,,,,urn:uuid:52e3fec9-ce31-4b34-8f11-a2d12cdb3c25,"2016-09-08 17:57:24"
109202,"D. Stevens",,2002-04,,"Conopholis alpina var. mexicana",1,"(A. Gray ex S. Wats.) Haynes",,,,,,,urn:uuid:3a3ecaac-3133-4608-bfd0-f88e9ca3e369,"2016-09-08 17:57:24"
109203,"S. Wilmeth",,1971,,"Conopholis mexicana",0,"Gray ex S. Wats.",,,,,,,urn:uuid:9dcf0e6e-315c-4cab-a0cd-a75fd434a498,"2016-09-08 17:55:42"
109203,"D. Stevens",,2002-04,,"Conopholis alpina var. mexicana",1,"(A. Gray ex S. Wats.) Haynes",,,,,,,urn:uuid:022ee6ff-9e12-433f-93da-25bab854a2d5,"2016-09-08 17:55:42"
109204,"J.A. Cook",,1976,,"Conopholis mexicana",0,"Gray ex S. Wats.",,,,,,,urn:uuid:d287e570-ad33-4e25-be53-7b86f3c4410c,"2016-09-08 17:50:11"
109204,"D. Stevens",,2002-04,,"Conopholis alpina var. mexicana",1,"(A. Gray ex S. Wats.) Haynes",,,,,,,urn:uuid:36366617-bf29-4b4d-926c-c932690551f7,"2016-09-08 17:50:11"
109205,"P.L. Packard",,1976,,"Conopholis mexicana",0,"Gray ex S. Wats.",,,,,,,urn:uuid:4d2b2261-4ac9-49ba-986a-a9df6d32435b,"2016-09-08 17:52:39"
109205,"D. Stevens",,2002-04,,"Conopholis alpina var. mexicana",1,"(A. Gray ex S. Wats.) Haynes",,,,,,,urn:uuid:13e1b705-4a4a-4187-8747-87ad5e2dd19e,"2016-09-08 17:52:39"
7909465,"D.A. Zimmerman",,1962,,"Conopholis mexicana",0,"Gray ex S. Wats.",,,,,,,urn:uuid:af1b7a96-3d84-43a8-a577-4f4a6dee2fc9,"2016-09-07 17:22:15"
7909465,"D. Stevens",,2002-04,,"Conopholis alpina var. mexicana",1,"(A. Gray ex S. Wats.) Haynes",,,,,,,urn:uuid:b03e33a1-f95c-4480-9e9b-00614cca1d55,"2016-09-07 17:22:15"
7909466,"D.A. Zimmerman",,1967,,"Conopholis mexicana",0,"Gray ex S. Wats.",,,,,,,urn:uuid:3791fb38-866e-4980-8703-291af6a3222f,"2016-09-07 17:20:35"
7909466,"D. Stevens",,2002-04,,"Conopholis alpina var. mexicana",1,"(A. Gray ex S. Wats.) Haynes",,,,,,,urn:uuid:d4e6fff9-2ed4-4128-abc5-b44ad5de0b43,"2016-09-07 17:20:35"
7909467,"H.L. Himes",,1972,,"Conopholis mexicana",0,"Gray ex S. Wats.",,,,,,,urn:uuid:d9d48c0d-12f2-4576-aa2b-3b3225b32491,"2016-09-07 17:18:54"
7909467,"D. Stevens",,2002-04,,"Conopholis alpina var. mexicana",1,"(A. Gray ex S. Wats.) Haynes",,,,,,,urn:uuid:99621430-adae-43d4-ac2f-94ce0c3bc124,"2016-09-07 17:18:54"
7909468,"J.M. Stillings",,1966,,"Conopholis mexicana",0,"Gray ex S. Wats.",,,,,,,urn:uuid:f44e5f5c-2709-4f5e-8158-419db0b3ee11,"2016-09-07 17:17:15"
7909468,"D. Stevens",,2002-04,,"Conopholis alpina var. mexicana",1,"(A. Gray ex S. Wats.) Haynes",,,,,,,urn:uuid:7ed61c81-4096-441c-8861-8269dd8308b1,"2016-09-07 17:17:15"
1288226,,,,,"Conopholis americana",0,"(L.) Wallr. f.",,,,,,,urn:uuid:cedc1a04-089e-4f69-a464-74f23375319a,"2014-10-03 09:18:38"
1290891,,,1939-00-00,,"Conopholis alpina var. mexicana",0,"(A. Gray ex S. Watson) Haynes",,,,,,,urn:uuid:6a488046-d510-46fa-a351-8d7ee67f8d81,"2014-10-03 09:18:38"
1404229,,,,,"Conopholis alpina var. mexicana",0,"(A. Gray ex S. Watson) Haynes",,,,,,,urn:uuid:ee2eacb2-d4c7-4fd3-a266-0e7bb57ae1ba,"2014-10-03 09:18:38"
1420658,,,1970-00-00,,"Conopholis alpina var. mexicana",0,"(A. Gray ex S. Watson) Haynes",,,,,,,urn:uuid:369529e1-6da5-45a2-9d76-6eb67a7b527b,"2014-10-03 09:18:38"
4728230,,,2008-12-06,,"Conopholis alpina var. mexicana",0,"(A. Gray ex S. Watson) Haynes",,,,,,,urn:uuid:aeb5ef7e-e96c-4f94-afe5-f35d55571ba0,"2014-10-03 09:18:38"
17669968,,,1993-00-00,,"Conopholis alpina var. mexicana",0,"(A. Gray ex S. Watson) Haynes",,,,,,,urn:uuid:50de06ee-7708-4860-b083-89ec4cb8dcbc,"2018-02-26 13:55:16"
17670167,,,1993-00-00,,"Conopholis alpina var. mexicana",0,"(A. Gray ex S. Watson) Haynes",,,,,,,urn:uuid:8442aa08-a8b7-416c-9a0d-f54c80c342d4,"2018-02-26 13:55:16"
1924988,"Nomenclatural Adjustment",,"March 31, 2017",,"Conopholis alpina var. mexicana",1,"(A. Gray ex S. Wats.) Haynes",,,,,"Synonymy - Integrated Taxonomic Information System (ITIS)",,urn:uuid:86498c6c-42cb-413b-9289-4a3acd9f8282,"2017-03-31 13:42:00"
1924988,unknown,,unknown,,"Conopholis alpina subsp. mexicana",0,"(A. Gray ex S. Wats.) Haynes",,,,,,,urn:uuid:77243d42-b7cf-476a-aac2-7cbc67ad33a9,"2017-03-31 13:42:00"
1938954,"Nomenclatural Adjustment",,"March 31, 2017",,"Conopholis alpina var. mexicana",1,"(A. Gray ex S. Wats.) Haynes",,,,,"Synonymy - Integrated Taxonomic Information System (ITIS)",,urn:uuid:4169b8be-1340-4311-8c89-704d293f8fed,"2017-03-31 13:42:00"
1938954,"Daurelle, David",,unknown,,"Conopholis alpina subsp. mexicana",0,"(A. Gray ex S. Wats.) Haynes",,,,,,,urn:uuid:8b9afdc1-9782-4dc3-b96b-803bdd45861f,"2017-03-31 13:42:00"
2027755,"V. Roth",,6/18/1981,,"Conopholis alpina var. mexicana",0,,,,,,,,urn:uuid:80c352c1-1ee7-47de-b9a3-26bd8f671fc1,"2012-03-08 14:42:00"
2027756,"J. Barnes and J.A. McCleary",,5/4/1957,,"Conopholis alpina var. mexicana",0,,,,,,,,urn:uuid:9b907c68-2ae3-411c-bb7f-57856228dec9,"2012-03-08 14:42:00"
9279587,"Ravenel, H.",,s.d.,,"Orobanche americana",0,L.,,,,,,,urn:uuid:01613625-a930-4195-9e90-4a618a492aa9,"2020-05-08 12:40:41"
9279778,"Tatnall, Edward",,s.d.,,"Orobanche americana",0,L.,,,,,,,urn:uuid:6148abbb-cefc-4026-a376-b434411be30c,"2020-05-08 12:40:41"
9328023,"Dowdeswell, R.",,04/10/1966,,"Conopholis americana",0,"(L.) Wallr. f.",,,,,,,urn:uuid:82aeea14-63ff-45e2-8269-df9b7af45463,"2020-05-08 12:40:41"
20794637,"Whetstone, Raymond David",,1975-05-22,,"Conopholis americana",0,"(L.) Wallr.",,,,,,,urn:uuid:803389a0-e86b-4e82-8927-d0d71c6ad72e,"2018-11-05 12:37:13"
20794637,"Whetstone, Raymond David",,1977-00-00,,"Conopholis americana",1,"(L.) Wallr.",,,,,"Examined for ""FLORA & VEGETATION OF THE CUMBERLAND PLATEAU OF ALABAMA""","[verbatim annotation = ] !",urn:uuid:13a9c519-8c22-42fd-9273-5fdd0e7e6e9c,"2018-11-05 12:37:13"
20794639,"Whetstone, Raymond David",,1975-08-05,,"Conopholis americana",0,"(L.) Wallr.",,,,,,,urn:uuid:71fd52ac-8e08-400f-8fb2-e3757692825c,"2018-11-05 12:40:10"
20794639,"Whetstone, Raymond David",,1977-00-00,,"Conopholis americana",1,"(L.) Wallr.",,,,,"Examined for ""FLORA & VEGETATION OF THE CUMBERLAND PLATEAU OF ALABAMA""","[verbatim annotation = ] !",urn:uuid:7730bf88-1805-4b0e-a74a-0f08327b0607,"2018-11-05 12:40:10"
20794645,"Whetstone, Raymond David",,1975-05-28,,"Conopholis americana",0,"(L.) Wallr.",,,,,,,urn:uuid:20654570-ee81-45fa-9705-befa2ce3b199,"2018-11-05 12:47:06"
20794645,"Whetstone, Raymond David",,1977-00-00,,"Conopholis americana",1,"(L.) Wallr.",,,,,"Examined for ""FLORA & VEGETATION OF THE CUMBERLAND PLATEAU OF ALABAMA""","[verbatim annotation = ] !",urn:uuid:d79c8c52-210e-4c89-9237-e466f139eeb1,"2018-11-05 12:47:06"
20794998,"Freer, Ruskin S.",,1971-05-17,,"Conopholis americana",0,"(L.) Wallr.",,,,,,,urn:uuid:0b1b4f42-3fd2-4dce-a0be-f0c2450d3b92,"2018-11-05 15:44:55"
20794998,"Musselman, Lytton J.",,1981-07-16,,"Conopholis americana",1,"(L.) Wallr.",,,,,,,urn:uuid:eebaaa40-0ae0-4ddf-8057-764af1ffdc9f,"2018-11-05 15:44:55"
20794999,"Ramsey, Gwynn W.",,1967-06-20,,"Conopholis americana",0,"(L.) Wallr.",,,,,,,urn:uuid:a5563107-402a-4717-9fce-3f6dd077bda1,"2018-11-05 15:46:34"
20794999,"Musselman, Lytton J.",,1981-07-16,,"Conopholis americana",1,"(L.) Wallr.",,,,,,,urn:uuid:dc6a97ce-46ab-47ec-9aa0-a7dcf81da1d2,"2018-11-05 15:46:34"
20795001,"Johnson, Miles F.",,1972-06-05,,"Conopholis americana",0,"(L.) Wallr.",,,,,,,urn:uuid:eb7c27d7-1a71-4686-8946-d01e7e825ddd,"2018-11-05 15:49:34"
20795001,"Musselman, Lytton J.",,1981-07-16,,"Conopholis americana",1,"(L.) Wallr.",,,,,,,urn:uuid:b458905e-d682-4957-90e1-351682a99900,"2018-11-05 15:49:34"
20795002,"Ramsey, Gwynn W.",,1966-07-18,,"Conopholis americana",0,"(L.) Wallr.",,,,,,,urn:uuid:0f9304fa-e1eb-4162-bd0c-8fed3c95bec8,"2018-11-05 15:50:45"
20795002,"Musselman, Lytton J.",,1981-07-16,,"Conopholis americana",1,"(L.) Wallr.",,,,,,,urn:uuid:15ca13c1-b3bc-4532-9059-b97fbf435380,"2018-11-05 15:50:45"
20795006,"Harvill, Alton M.",,1968-05-19,,"Conopholis americana",0,"(L.) Wallr.",,,,,,,urn:uuid:024446ab-5204-40f3-9a19-a7eea3c5d8e4,"2018-11-05 15:52:53"
20795006,"Musselman, Lytton J.",,1981-07-16,,"Conopholis americana",1,"(L.) Wallr.",,,,,,,urn:uuid:e1aa1de6-9c1f-42f4-9f1c-26a6b2ec2dfb,"2018-11-05 15:52:53"
20795009,"Ruska, W. F.",,1966-07-03,,"Conopholis americana",0,"(L.) Wallr.",,,,,,,urn:uuid:8bf777cd-3739-47c8-b3d2-44871c271867,"2018-11-05 15:56:49"
20795009,"Musselman, Lytton J.",,1981-07-16,,"Conopholis americana",1,"(L.) Wallr.",,,,,,,urn:uuid:374be3ab-a39b-4957-bd8a-861517d6a8c8,"2018-11-05 15:56:49"
20795011,"Harvill, Alton M.",,1968-06-03,,"Conopholis americana",0,"(L.) Wallr.",,,,,,,urn:uuid:a972bbfd-0697-4760-8261-e248d1a7b1ea,"2018-11-05 16:05:29"
20795011,"Musselman, Lytton J.",,1981-07-16,,"Conopholis americana",1,"(L.) Wallr.",,,,,,,urn:uuid:d4783ff8-33b1-4411-aca1-b8daa63d243a,"2018-11-05 16:05:29"
20795014,"Musselman, Lytton J.",,1969-06-26,,"Conopholis americana",0,"(L.) Wallr.",,,,,,,urn:uuid:a92c1e5e-cbf5-4cd9-8392-edda5d414543,"2018-11-05 16:07:01"
20795014,"Musselman, Lytton J.",,1981-07-16,,"Conopholis americana",1,"(L.) Wallr.",,,,,,,urn:uuid:1fe8244c-7b71-44df-bb9d-024c0e55ebbb,"2018-11-05 16:07:01"
20795016,"Chappell, Dorothy F.",,1973-06-30,,"Conopholis americana",0,"(L.) Wallr.",,,,,,,urn:uuid:5681e5da-f00c-4184-b661-b0c540d254f5,"2018-11-05 16:08:19"
20795016,"Musselman, Lytton J.",,1981-07-16,,"Conopholis americana",1,"(L.) Wallr.",,,,,,,urn:uuid:38344776-f0e9-462c-90c6-d9140d193e00,"2018-11-05 16:08:19"
20795042,"Downs, Robert M.",,1969-04-30,,"Conopholis americana",0,"(L.) Wallr.",,,,,,,urn:uuid:260e3691-574b-409d-be17-4cad38410458,"2018-11-05 16:10:22"
20795042,"Musselman, Lytton J.",,1981-07-16,,"Conopholis americana",1,"(L.) Wallr.",,,,,,,urn:uuid:e097ac63-1e18-4dcd-8b0a-791cdd747d04,"2018-11-05 16:10:22"
20795045,"Freer, Ruskin S.",,1966-05-18,,"Conopholis americana",0,"(L.) Wallr.",,,,,,,urn:uuid:43b1ed5f-9fe7-40b9-afd4-38fdb7e20bd3,"2018-11-05 16:12:24"
20795045,"Musselman, Lytton J.",,1981-07-16,,"Conopholis americana",1,"(L.) Wallr.",,,,,,,urn:uuid:60cb4679-1750-4017-8220-655ecb9fdf27,"2018-11-05 16:12:24"
20795047,"Miller, M. H.",,1968-05-18,,"Conopholis americana",0,"(L.) Wallr.",,,,,,,urn:uuid:dedf3f3d-ba42-45ea-92bf-f6130e524554,"2018-11-05 16:14:10"
20795047,"Musselman, Lytton J.",,1981-07-16,,"Conopholis americana",1,"(L.) Wallr.",,,,,,,urn:uuid:347942fb-724c-4f50-8383-62b0f76a4878,"2018-11-05 16:14:10"
20795054,"Corcoran, Celeste M.",,1976-06-02,,"Conopholis americana",0,"(L.) Wallr.",,,,,,,urn:uuid:b41c76ac-b64b-47df-a77e-cdb4c148ec2c,"2018-11-05 16:18:04"
20795054,"Musselman, Lytton J.",,1981-07-16,,"Conopholis americana",1,"(L.) Wallr.",,,,,,,urn:uuid:b0194a54-d1f0-41a2-b061-25469184f3c3,"2018-11-05 16:18:04"
20796492,"Harvill, Alton M.",,1968-06-02,,"Conopholis americana",0,"(L.) Wallr.",,,,,,,urn:uuid:60af4a54-8041-4b02-8c98-9979b7ce0cdb,"2018-11-05 16:19:24"
20796492,"Musselman, Lytton J.",,1981-07-16,,"Conopholis americana",1,"(L.) Wallr.",,,,,,,urn:uuid:ceca3b9b-a891-4565-a0a3-63cc579fe3b0,"2018-11-05 16:19:24"
20796660,"Harvill, Alton M.",,1968-05-11,,"Conopholis americana",0,"(L.) Wallr.",,,,,,,urn:uuid:3a32e514-7dc2-4c51-aafb-1a39082cf5f2,"2018-11-05 16:21:04"
20796660,"Musselman, Lytton J.",,1981-07-16,,"Conopholis americana",1,"(L.) Wallr.",,,,,,,urn:uuid:ac833fa8-e9ba-41aa-be8d-6ed383b773b2,"2018-11-05 16:21:04"
20796661,"Harvill, Alton M.",,1967-05-03,,"Conopholis americana",0,"(L.) Wallr.",,,,,,,urn:uuid:dcc250c6-53dc-41b3-b859-e2b5821e46c5,"2018-11-05 16:22:17"
20796661,"Musselman, Lytton J.",,1981-07-16,,"Conopholis americana",1,"(L.) Wallr.",,,,,,,urn:uuid:e503910c-065e-4f19-99ec-2e429040213c,"2018-11-05 16:22:17"
20796663,"Harvill, Alton M.",,1967-06-16,,"Conopholis americana",0,"(L.) Wallr.",,,,,,,urn:uuid:dfbdef63-05c0-45e7-ae68-66c40336d5e5,"2018-11-05 16:23:15"
20796663,"Musselman, Lytton J.",,1981-07-16,,"Conopholis americana",1,"(L.) Wallr.",,,,,,,urn:uuid:05fde903-38ad-4bf1-bf17-91516f94cb24,"2018-11-05 16:23:15"
16624683,"assumed R. E. Stewart",,s.d.,,"Conopholis americana",1,Wallr.,,,,,"Weakley 2015","PRR filed-as-named",urn:uuid:85ca5236-83a3-4e2d-a8ec-9bd7b987a0ba,"2019-08-22 02:27:27"
16624684,"assumed F. C. Schmid",,s.d.,,"Conopholis americana",1,Wallr.,,,,,"Weakley 2015","PRR filed-as-named",urn:uuid:7a1b8f9d-a6f2-45af-b8e3-2f33846cd81d,"2019-08-22 02:29:02"
16624685,"Matt Perry",,s.d.,,"Conopholis americana",1,Wallr.,,,,,"Weakley 2015","PRR filed-as-named",urn:uuid:5fe58f5e-9268-4d94-ac98-4dd8e858815c,"2019-09-03 19:52:51"
16624686,"Bill Harms",,s.d.,,"Conopholis americana",1,Wallr.,,,,,"Weakley 2015",,urn:uuid:dfc9d24a-bb54-47cd-b24d-b1479e98c655,"2019-09-13 06:22:27"
23084887,"not specified",,"not specified",,"Conopholis americana (Linnaeus) Wallroth",0,"(Linnaeus) Wallroth",,,,,,,urn:uuid:4f8c0dcb-c475-4260-bd36-a698b421c26d,"2020-02-13 15:52:16"
23084886,(LAF),,1968,,"Conopholis americana (Linnaeus) Wallroth",0,"(Linnaeus) Wallroth",,,,,,,urn:uuid:36c909c4-43cb-4658-85d5-8eb0c132c178,"2020-02-13 15:52:16"
23084886,(LAF),,"not specified",,"Conopholis americana (Linnaeus) Wallroth",0,"(Linnaeus) Wallroth",,,,,,,urn:uuid:44ad13da-6f2b-4da2-82ec-7494c441583d,"2019-10-25 02:18:20"
23085041,"fide J.R.C. [J. R. Churchill]",,"not specified",,"Conopholis americana (Linnaeus) Wallroth",0,"(Linnaeus) Wallroth",,,,,,,urn:uuid:98c51b50-f80b-497d-a1dd-3e457fb26dc2,"2019-10-25 02:18:20"
23085041,"[annotation on sheet]",,"not specified",,"Conopholis americana (Linnaeus) Wallroth",0,"(Linnaeus) Wallroth",,,,,,,urn:uuid:f7bbf63d-363d-41d3-a61f-9d269554902d,"2019-10-25 02:18:20"
23085042,"not specified",,"not specified",,"Conopholis americana (Linnaeus) Wallroth",0,"(Linnaeus) Wallroth",,,,,,,urn:uuid:94e53b46-20e0-45d0-bcb9-c8b932bd4fd8,"2020-02-13 15:52:16"
23085042,"[annotation on sheet]",,"not specified",,"Conopholis americana (Linnaeus) Wallroth",0,"(Linnaeus) Wallroth",,,,,,,urn:uuid:9c79296d-3c03-45bc-9400-77c44f4f3a6c,"2019-10-25 02:18:20"
23085043,"not specified",,1940-06,,"Conopholis americana (Linnaeus) Wallroth",0,"(Linnaeus) Wallroth",,,,,,,urn:uuid:06638e75-dfd1-4018-b4fa-4790b487013c,"2020-02-13 15:52:16"
23085043,"not specified",,"not specified",,"Conopholis americana (Linnaeus) Wallroth",0,"(Linnaeus) Wallroth",,,,,,,urn:uuid:a8473a9c-8692-4791-beff-3fdf847aa21e,"2019-10-25 02:18:20"
23085047,"not specified",,"not specified",,"Conopholis americana (Linnaeus) Wallroth",0,"(Linnaeus) Wallroth",,,,,,,urn:uuid:98fac4e6-09bf-49a2-af56-19432bdd9d6e,"2020-02-13 15:52:16"
23085048,"not specified",,"not specified",,"Conopholis americana (Linnaeus) Wallroth",0,"(Linnaeus) Wallroth",,,,,,,urn:uuid:ed490518-e986-420c-bde6-450a6ec87bc4,"2020-02-13 15:52:16"
23085048,"[annotation on sheet]",,"not specified",,"Conopholis americana (Linnaeus) Wallroth",0,"(Linnaeus) Wallroth",,,,,,,urn:uuid:cd656667-98d2-4e3a-ad8a-2ff62c304fca,"2019-10-25 02:18:20"
23202497,"not specified",,"not specified",,"Conopholis americana (Linnaeus) Wallroth",0,"(Linnaeus) Wallroth",,,,,,,urn:uuid:97faa4bc-aee8-44b0-a987-e2aa971c35a6,"2020-02-13 15:52:16"
23366368,"not specified",,"not specified",,"Conopholis americana (Linnaeus) Wallroth",0,"(Linnaeus) Wallroth",,,,,,,urn:uuid:67c1f45e-a9b2-47a6-b894-2365bea78e40,"2020-02-13 15:52:16"
23202498,"not specified",,"not specified",,"Conopholis americana (Linnaeus) Wallroth",0,"(Linnaeus) Wallroth",,,,,,,urn:uuid:ec12ced2-ab0e-4743-be0b-f5d75b73813f,"2020-02-13 15:52:16"
23084885,(LAF),,1968,,"Conopholis americana (Linnaeus) Wallroth",0,"(Linnaeus) Wallroth",,,,,,,urn:uuid:c67ff663-1600-43b0-8ca2-9c06c2bcfdb2,"2020-02-13 15:52:16"
23084885,(LAF),,"not specified",,"Conopholis americana (Linnaeus) Wallroth",0,"(Linnaeus) Wallroth",,,,,,,urn:uuid:e69ddb9e-f9b5-422c-a9bb-32afed73ae4b,"2019-10-25 02:18:20"
23084885,"not specified",,"not specified",,"Conopholis americana (Linnaeus) Wallroth",0,"(Linnaeus) Wallroth",,,,,,,urn:uuid:f1a71b33-02d3-4da7-8a65-940e825243d5,"2020-02-13 15:52:16"
23084884,"not specified",,"not specified",,"Conopholis americana (Linnaeus) Wallroth",0,"(Linnaeus) Wallroth",,,,,,,urn:uuid:588998d1-f4b0-4fc4-a24d-a1282455f633,"2020-02-13 15:52:16"
23084884,"[annotation on provenance label]",,"not specified",,"Conopholis americana (Linnaeus) Wallroth",0,"(Linnaeus) Wallroth",,,,,,,urn:uuid:2e7ce1a2-d4dc-4d05-89c0-184627dce97d,"2019-10-25 02:18:20"
23019604,"not specified",,"not specified",,"Conopholis alpina var. alpina",0,,,,,,,,urn:uuid:14f63272-aa3a-4dd5-af08-00c01f5291d8,"2020-02-13 15:52:16"
23019604,"not specified",,"not specified",,"Conopholis panamensis Woodson",0,Woodson,,,,,,,urn:uuid:60305895-3de0-4a05-96f9-72eed7cee3d5,"2020-02-13 15:52:16"
23202536,"not specified",,"not specified",,"Conopholis americana (Linnaeus) Wallroth",0,"(Linnaeus) Wallroth",,,,,,,urn:uuid:5e9ba8c7-d12a-4d36-a499-7008a33f25f3,"2020-02-13 15:52:16"
22992854,"not specified",,"not specified",,"Conopholis mexicana A. Gray",0,"A. Gray",,,,,,,urn:uuid:e8b20961-317c-4d4a-a795-b3fe44a39e5d,"2020-02-13 15:52:16"
22992854,"R. R. Haynes",,"not specified",,"Conopholis alpina var. mexicana (A. Gray ex S. Watson) R. R. Haynes",0,"(A. Gray ex S. Watson) R. R. Haynes",,,,,,,urn:uuid:26156267-28b2-44d1-898d-30231829e5bc,"2019-10-25 02:18:20"
23202539,"not specified",,"not specified",,"Conopholis americana (Linnaeus) Wallroth",0,"(Linnaeus) Wallroth",,,,,,,urn:uuid:45719ac9-9436-4c93-845a-91dfa7ccfe08,"2020-02-13 15:52:16"
22999484,"not specified",,"not specified",,"Conopholis mexicana A. Gray",0,"A. Gray",,,,,,,urn:uuid:88943dcb-29ef-4b07-b703-d62ce506425d,"2020-02-13 15:52:16"
22999484,"R. R. Haynes",,"not specified",,"Conopholis alpina var. mexicana (A. Gray ex S. Watson) R. R. Haynes",0,"(A. Gray ex S. Watson) R. R. Haynes",,,,,,,urn:uuid:9983a545-888c-4e3b-97e8-89cc09a45dde,"2019-10-25 02:18:20"
23005978,"not specified",,"not specified",,"Conopholis mexicana A. Gray",0,"A. Gray",,,,,,,urn:uuid:c22f35fe-c7c3-4367-a290-a5e142167ad6,"2020-02-13 15:52:16"
23005978,"R. R. Haynes",,"not specified",,"Conopholis alpina var. mexicana (A. Gray ex S. Watson) R. R. Haynes",0,"(A. Gray ex S. Watson) R. R. Haynes",,,,,,,urn:uuid:53196a40-14aa-46fb-b2ef-fa9eb2adea80,"2019-10-25 02:18:20"
23005979,"not specified",,"not specified",,"Conopholis mexicana A. Gray",0,"A. Gray",,,,,,,urn:uuid:28bdc516-d134-43e0-b7aa-29e84c97b369,"2020-02-13 15:52:16"
23005979,"R. R. Haynes",,"not specified",,"Conopholis alpina var. mexicana (A. Gray ex S. Watson) R. R. Haynes",0,"(A. Gray ex S. Watson) R. R. Haynes",,,,,,,urn:uuid:d469cc84-3b35-4f54-9bab-79abf3d403f4,"2019-10-25 02:18:20"
23012720,"not specified",,"not specified",,"Conopholis panamensis Woodson",0,Woodson,,,,,,,urn:uuid:bdae8606-8a7c-4b11-bd83-a7121a93f2de,"2020-02-13 15:52:16"
23012720,"R. R. Haynes",,"not specified",,"Conopholis alpina var. alpina",0,,,,,,,,urn:uuid:06a72d22-0de9-4231-b87a-fcf8ab124dcc,"2019-10-25 02:18:20"
23013787,"R. R. Haynes",,1968,,"Conopholis alpina var. mexicana (A. Gray ex S. Watson) R. R. Haynes",0,"(A. Gray ex S. Watson) R. R. Haynes",,,,,,,urn:uuid:547ed771-8944-4aee-a47b-d0c25cafd37d,"2020-02-13 15:52:16"
23013787,"not specified",,"not specified",,"Conopholis mexicana A. Gray",0,"A. Gray",,,,,,,urn:uuid:7502d053-a794-45d2-b709-eff0ac862c1b,"2020-02-13 15:52:16"
23013787,"R. R. Haynes",,"not specified",,"Conopholis alpina var. mexicana (A. Gray ex S. Watson) R. R. Haynes",0,"(A. Gray ex S. Watson) R. R. Haynes",,,,,,,urn:uuid:50dc1aaa-98ba-444b-8e74-2698f48495c9,"2019-10-25 02:18:20"
23014615,"R. R. Haynes",,1968,,"Conopholis alpina var. mexicana (A. Gray ex S. Watson) R. R. Haynes",0,"(A. Gray ex S. Watson) R. R. Haynes",,,,,,,urn:uuid:fe975ed4-2457-460a-8a9f-4b2a50fee748,"2020-02-13 15:52:16"
23014615,"not specified",,"not specified",,"Conopholis mexicana A. Gray",0,"A. Gray",,,,,,,urn:uuid:951759fb-70a7-423c-9eaf-fabe5f8cbb3b,"2020-02-13 15:52:16"
23014615,"R. R. Haynes",,"not specified",,"Conopholis alpina var. mexicana (A. Gray ex S. Watson) R. R. Haynes",0,"(A. Gray ex S. Watson) R. R. Haynes",,,,,,,urn:uuid:4611e639-feec-46ab-9fce-cedf64b092d4,"2019-10-25 02:18:20"
23202499,"not specified",,"not specified",,"Conopholis americana (Linnaeus) Wallroth",0,"(Linnaeus) Wallroth",,,,,,,urn:uuid:b60a3f39-5d1c-4ff8-b526-2e0a3beb5268,"2020-02-13 15:52:16"
23868016,"not specified",,"not specified",,"Conopholis americana (Linnaeus) Wallroth",0,"(Linnaeus) Wallroth",,,,,,,urn:uuid:49706bab-4555-46d6-af91-2c70508b1dcc,"2020-02-13 15:52:16"
23202514,"not specified",,"not specified",,"Conopholis americana (Linnaeus) Wallroth",0,"(Linnaeus) Wallroth",,,,,,,urn:uuid:58b428fb-4280-4398-96b6-2af6d5dbbc21,"2020-02-13 15:52:16"
23202530,"not specified",,"not specified",,"Conopholis americana (Linnaeus) Wallroth",0,"(Linnaeus) Wallroth",,,,,,,urn:uuid:222cdd37-6858-473b-8b73-5357e341ef27,"2020-02-13 15:52:16"
23202529,"not specified",,"not specified",,"Conopholis americana (Linnaeus) Wallroth",0,"(Linnaeus) Wallroth",,,,,,,urn:uuid:b2cc9a4a-abf2-4136-92ae-5d4ccb93bdca,"2020-02-13 15:52:16"
23202528,"not specified",,"not specified",,"Conopholis americana (Linnaeus) Wallroth",0,"(Linnaeus) Wallroth",,,,,,,urn:uuid:14ed10db-b5a2-4d52-bc3e-6f4a6ccd4991,"2020-02-13 15:52:16"
23202527,"not specified",,"not specified",,"Conopholis americana (Linnaeus) Wallroth",0,"(Linnaeus) Wallroth",,,,,,,urn:uuid:8669284f-b3e5-4b2f-834c-5d73fbbe3537,"2020-02-13 15:52:16"
23202526,"not specified",,"not specified",,"Conopholis americana (Linnaeus) Wallroth",0,"(Linnaeus) Wallroth",,,,,,,urn:uuid:9ff668bc-fff7-479f-9af8-561e18eb25e9,"2020-02-13 15:52:16"
23202525,"not specified",,"not specified",,"Conopholis americana (Linnaeus) Wallroth",0,"(Linnaeus) Wallroth",,,,,,,urn:uuid:b87abf03-d578-4a70-a118-9453152da6e8,"2020-02-13 15:52:16"
23202524,"not specified",,"not specified",,"Conopholis americana (Linnaeus) Wallroth",0,"(Linnaeus) Wallroth",,,,,,,urn:uuid:c3624b0d-af1d-4911-9e1f-725b5100a9da,"2020-02-13 15:52:16"
23202531,"not specified",,"not specified",,"Conopholis americana (Linnaeus) Wallroth",0,"(Linnaeus) Wallroth",,,,,,,urn:uuid:28d89731-076c-4ee2-9311-b3d7ae1d11ac,"2020-02-13 15:52:16"
23202532,"not specified",,"not specified",,"Conopholis americana (Linnaeus) Wallroth",0,"(Linnaeus) Wallroth",,,,,,,urn:uuid:6fef2940-3b68-4955-b010-19ab5270faa8,"2020-02-13 15:52:16"
23202533,"not specified",,"not specified",,"Conopholis americana (Linnaeus) Wallroth",0,"(Linnaeus) Wallroth",,,,,,,urn:uuid:3b253e6c-e232-4833-8f62-3f9f497c0281,"2020-02-13 15:52:16"
23480920,"not specified",,"not specified",,"Conopholis americana (Linnaeus) Wallroth",0,"(Linnaeus) Wallroth",,,,,,,urn:uuid:70a55147-d77d-4ea4-8f74-fed5520bc314,"2020-02-13 15:52:16"
23336281,"not specified",,"not specified",,"Conopholis americana (Linnaeus) Wallroth",0,"(Linnaeus) Wallroth",,,,,,,urn:uuid:3a77b75c-f820-4491-8be4-b0b4b928a056,"2020-02-13 15:52:16"
23336280,"not specified",,"not specified",,"Conopholis americana (Linnaeus) Wallroth",0,"(Linnaeus) Wallroth",,,,,,,urn:uuid:efdea4d6-1ede-49e9-bc0c-c9c9d8714dfa,"2020-02-13 15:52:16"
23202540,"not specified",,"not specified",,"Conopholis americana (Linnaeus) Wallroth",0,"(Linnaeus) Wallroth",,,,,,,urn:uuid:56d39e69-3992-4619-bcbc-0f4cb9fd3e26,"2020-02-13 15:52:16"
23202538,"not specified",,"not specified",,"Conopholis americana (Linnaeus) Wallroth",0,"(Linnaeus) Wallroth",,,,,,,urn:uuid:460191cf-4fc7-4345-a569-95f5e3109fd1,"2020-02-13 15:52:16"
23202537,"not specified",,"not specified",,"Conopholis americana (Linnaeus) Wallroth",0,"(Linnaeus) Wallroth",,,,,,,urn:uuid:3e1c5e41-a1d4-497b-84be-50e29a31fb18,"2020-02-13 15:52:16"
23202535,"not specified",,"not specified",,"Conopholis americana (Linnaeus) Wallroth",0,"(Linnaeus) Wallroth",,,,,,,urn:uuid:d92c4c5c-1811-4af7-a1dd-f167671d173b,"2020-02-13 15:52:16"
23202534,"not specified",,"not specified",,"Conopholis americana (Linnaeus) Wallroth",0,"(Linnaeus) Wallroth",,,,,,,urn:uuid:5faa1ac2-03eb-4706-bff2-79a050670e24,"2020-02-13 15:52:16"
23202523,"not specified",,"not specified",,"Conopholis americana (Linnaeus) Wallroth",0,"(Linnaeus) Wallroth",,,,,,,urn:uuid:0505bca3-0d91-471b-9d6a-4834039e9a1f,"2020-02-13 15:52:16"
23202522,"not specified",,"not specified",,"Conopholis americana (Linnaeus) Wallroth",0,"(Linnaeus) Wallroth",,,,,,,urn:uuid:e7d28b16-b02e-4892-8ee7-63bc419295ae,"2020-02-13 15:52:16"
23202521,"not specified",,"not specified",,"Conopholis americana (Linnaeus) Wallroth",0,"(Linnaeus) Wallroth",,,,,,,urn:uuid:fe5ddb84-4576-4204-a7cf-784ce0b51324,"2020-02-13 15:52:16"
23202509,"not specified",,"not specified",,"Conopholis americana (Linnaeus) Wallroth",0,"(Linnaeus) Wallroth",,,,,,,urn:uuid:872df0a9-8d16-4c48-b704-0ebe8017a11f,"2020-02-13 15:52:16"
23202508,"not specified",,"not specified",,"Conopholis americana (Linnaeus) Wallroth",0,"(Linnaeus) Wallroth",,,,,,,urn:uuid:4099db77-cddd-46b1-8512-72e88b85818e,"2020-02-13 15:52:16"
23202507,"not specified",,"not specified",,"Conopholis americana (Linnaeus) Wallroth",0,"(Linnaeus) Wallroth",,,,,,,urn:uuid:50a4a10e-1aeb-4653-8439-0b86428f47cf,"2020-02-13 15:52:16"
23202506,"not specified",,"not specified",,"Conopholis americana (Linnaeus) Wallroth",0,"(Linnaeus) Wallroth",,,,,,,urn:uuid:055644bf-9d83-4317-b6f7-a4db9b9130d1,"2020-02-13 15:52:16"
23202505,"not specified",,"not specified",,"Conopholis americana (Linnaeus) Wallroth",0,"(Linnaeus) Wallroth",,,,,,,urn:uuid:28417e97-0039-4c0b-80cf-eb7de9f52d1e,"2020-02-13 15:52:16"
23202504,"not specified",,"not specified",,"Conopholis americana (Linnaeus) Wallroth",0,"(Linnaeus) Wallroth",,,,,,,urn:uuid:66a8ab39-8fe6-4b09-8d19-ca766cbb8835,"2020-02-13 15:52:16"
23202503,"not specified",,"not specified",,"Conopholis americana (Linnaeus) Wallroth",0,"(Linnaeus) Wallroth",,,,,,,urn:uuid:dba89919-a09a-41d0-895a-d587d5bdd13f,"2020-02-13 15:52:16"
23202502,"not specified",,"not specified",,"Conopholis americana (Linnaeus) Wallroth",0,"(Linnaeus) Wallroth",,,,,,,urn:uuid:be968459-0134-4da2-82da-3bd4e81b003f,"2020-02-13 15:52:16"
23202501,"not specified",,"not specified",,"Conopholis americana (Linnaeus) Wallroth",0,"(Linnaeus) Wallroth",,,,,,,urn:uuid:429ba41d-a966-4665-b0d7-b62f126deb05,"2020-02-13 15:52:16"
23202510,"not specified",,"not specified",,"Conopholis americana (Linnaeus) Wallroth",0,"(Linnaeus) Wallroth",,,,,,,urn:uuid:f2f2cd8c-0840-4def-9e85-a395894381ad,"2020-02-13 15:52:16"
23202511,"not specified",,"not specified",,"Conopholis americana (Linnaeus) Wallroth",0,"(Linnaeus) Wallroth",,,,,,,urn:uuid:ee1272c3-b047-4feb-ba4d-5aac8ab9a750,"2020-02-13 15:52:16"
23202512,"not specified",,"not specified",,"Conopholis americana (Linnaeus) Wallroth",0,"(Linnaeus) Wallroth",,,,,,,urn:uuid:feb3c29b-78b2-4511-88ca-0138b458e1f6,"2020-02-13 15:52:16"
23202520,"not specified",,"not specified",,"Conopholis americana (Linnaeus) Wallroth",0,"(Linnaeus) Wallroth",,,,,,,urn:uuid:add73a06-511e-4ff8-a23a-d802a33af000,"2020-02-13 15:52:16"
23202519,"not specified",,"not specified",,"Conopholis americana (Linnaeus) Wallroth",0,"(Linnaeus) Wallroth",,,,,,,urn:uuid:22a23fbc-de45-4fe3-8f9b-36a1f195dcfa,"2020-02-13 15:52:16"
23202518,"not specified",,"not specified",,"Conopholis americana (Linnaeus) Wallroth",0,"(Linnaeus) Wallroth",,,,,,,urn:uuid:eb1474b9-9ed2-4b9f-9cb3-cceb05f38291,"2020-02-13 15:52:16"
23202517,"not specified",,"not specified",,"Conopholis americana (Linnaeus) Wallroth",0,"(Linnaeus) Wallroth",,,,,,,urn:uuid:f330b5c8-6a27-43e8-9464-3c50bd056dd9,"2020-02-13 15:52:16"
23202516,"not specified",,"not specified",,"Conopholis americana (Linnaeus) Wallroth",0,"(Linnaeus) Wallroth",,,,,,,urn:uuid:4956e79c-138c-4f43-aaf0-6da00528e52d,"2020-02-13 15:52:16"
23202515,"not specified",,"not specified",,"Conopholis americana (Linnaeus) Wallroth",0,"(Linnaeus) Wallroth",,,,,,,urn:uuid:bd17ee12-fbec-4e20-8d05-b3b9b62cfefe,"2020-02-13 15:52:16"
23202513,"not specified",,"not specified",,"Conopholis americana (Linnaeus) Wallroth",0,"(Linnaeus) Wallroth",,,,,,,urn:uuid:e8c8eacf-6357-477e-b1e8-e397447ca993,"2020-02-13 15:52:16"
23202500,"not specified",,"not specified",,"Conopholis americana (Linnaeus) Wallroth",0,"(Linnaeus) Wallroth",,,,,,,urn:uuid:7f5bfbd9-08eb-46cb-923d-60a71bcfc8ce,"2020-02-13 15:52:16"
